time,theta,u,v,timestep_counter,drone,grid_x,grid_y,grid_z,seconds_after_takeoff
01:00:05,276.33932,1.2559257,1.8809032,3,drone90,55,129,4,5
01:00:10,276.35214,1.2384588,1.8586897,4,drone90,55,129,5,10
01:00:15,276.34567,1.3259807,1.7532524,3,drone90,55,124,7,15
01:00:20,276.31827,1.466163,1.5918598,3,drone90,60,123,9,20
01:00:25,276.2762,1.630612,1.4160868,3,drone90,63,128,10,25
01:00:30,276.23312,1.792975,1.3108586,3,drone90,63,135,10,30
01:00:35,276.1953,1.9655818,1.3133152,3,drone90,65,140,10,35
01:00:40,276.1305,2.197942,1.3715204,4,drone90,66,147,10,40
01:00:45,275.9941,2.4149592,1.3390632,3,drone90,67,153,10,45
01:00:50,275.814,2.5075896,1.2000299,3,drone90,69,160,10,50
01:00:55,275.63962,2.4899352,1.0398831,3,drone90,70,167,10,55
01:01:00,275.51553,2.4080164,0.9276297,4,drone90,71,173,10,60
01:01:05,275.492,2.3480608,0.9130972,3,drone90,72,179,10,65
01:01:10,275.53418,2.3181338,0.9659563,4,drone90,73,185,10,70
01:01:15,275.5731,2.247625,1.0475603,3,drone90,75,192,10,75
01:01:20,275.56488,2.1205761,1.1136745,3,drone90,76,198,10,80
01:01:25,275.5341,1.9914042,1.1193912,3,drone90,77,203,10,85
01:01:30,275.5314,1.9443413,1.0423608,3,drone90,78,209,10,90
01:01:35,275.60306,2.012967,0.96518564,3,drone90,79,215,10,95
01:01:40,275.7288,2.148632,1.0075808,3,drone90,80,221,10,100
01:01:45,275.7897,2.2551577,1.1611115,3,drone90,82,226,10,105
01:01:50,275.72037,2.260286,1.3123686,3,drone90,83,232,10,110
01:01:55,275.63855,2.1904967,1.3975677,3,drone90,88,232,10,115
01:02:00,275.6593,2.1192033,1.4215602,3,drone90,90,228,10,120
01:02:05,275.7702,2.0598946,1.4474293,3,drone90,90,224,10,125
01:02:10,275.91364,1.9649158,1.6278859,4,drone90,90,219,10,130
01:02:15,275.9701,1.8254825,1.9358348,3,drone90,90,214,10,135
01:02:20,275.9139,1.7013618,2.1509416,3,drone90,90,209,10,140
01:02:25,275.8086,1.6217505,2.2406938,3,drone90,90,205,10,145
01:02:30,275.72812,1.6009704,2.2457664,3,drone90,90,200,10,150
01:02:35,275.68823,1.6096833,2.224219,4,drone90,90,194,10,155
01:02:40,275.6581,1.6079823,2.203148,3,drone90,90,189,10,160
01:02:45,275.6194,1.5826131,2.1991248,3,drone90,90,184,10,165
01:02:50,275.58365,1.5454597,2.2234116,3,drone90,90,178,10,170
01:02:55,275.57687,1.5213467,2.2614594,3,drone90,91,172,10,175
01:03:00,275.593,1.5189657,2.2853453,3,drone90,90,167,10,180
01:03:05,275.60815,1.5142018,2.2961762,3,drone90,90,162,10,185
01:03:10,275.61765,1.498272,2.334784,3,drone90,90,158,10,190
01:03:15,275.64105,1.5161186,2.4259813,3,drone90,90,153,10,195
01:03:20,275.6975,1.6244224,2.5196342,3,drone90,90,149,10,200
01:03:25,275.7675,1.7917876,2.5338304,3,drone90,90,145,10,205
01:03:30,275.7904,1.9017406,2.4488575,3,drone90,90,141,10,210
01:03:35,275.72815,1.8864008,2.311343,3,drone90,90,137,10,215
01:03:40,275.6111,1.7835386,2.1921995,4,drone90,90,132,10,220
01:03:45,275.5605,1.7163591,2.1744776,3,drone90,90,128,10,225
01:03:50,275.56796,1.7026049,2.2113564,3,drone90,90,124,10,230
01:03:55,275.5686,1.7046118,2.2328546,3,drone90,90,119,10,235
01:04:00,275.55176,1.7301943,2.206091,4,drone90,91,115,10,240
01:04:05,275.54526,1.7824596,2.1461282,3,drone90,91,111,10,245
01:04:10,275.56152,1.8441483,2.0600026,4,drone90,91,107,10,250
01:04:15,275.58594,1.8812214,1.9309311,3,drone90,90,102,10,255
01:04:20,275.60324,1.8701183,1.7769767,3,drone90,91,97,10,260
01:04:25,275.61487,1.812887,1.5770617,4,drone90,91,93,10,265
01:04:30,275.61685,1.7439746,1.3931373,3,drone90,91,88,10,270
01:04:35,275.6105,1.7052997,1.2718412,3,drone90,91,83,10,275
01:04:40,275.59982,1.6962742,1.1865064,3,drone90,91,79,10,280
01:04:45,275.58936,1.7053121,1.1220247,3,drone90,91,74,10,285
01:04:50,275.58212,1.7116247,1.0600005,3,drone90,91,68,10,290
01:04:55,275.57843,1.6955885,0.9795059,4,drone90,91,63,10,295
01:05:00,275.57706,1.6550436,0.8984008,3,drone90,91,58,10,300
01:05:05,275.57617,1.6109918,0.84533256,3,drone90,91,53,10,305
01:05:10,275.57578,1.5698643,0.82264614,3,drone90,91,48,10,310
01:05:15,275.57736,1.5362273,0.83639115,3,drone90,91,43,10,315
01:05:20,275.58206,1.5124761,0.88032013,3,drone90,91,38,10,320
01:05:25,275.59076,1.4966323,0.94517696,4,drone90,91,33,10,325
01:05:30,275.6,1.4851681,1.0016098,3,drone90,91,29,10,330
01:05:35,275.60828,1.4644367,1.0446949,4,drone90,91,24,10,335
01:05:40,275.61462,1.4184207,1.0714945,3,drone90,91,19,10,340
01:05:45,275.61838,1.3523515,1.0809387,3,drone90,89,15,10,345
01:05:50,275.62076,1.263835,1.075058,3,drone90,83,14,10,350
01:05:55,275.62192,1.1601285,1.0515989,3,drone90,77,14,10,355
01:06:00,275.62146,1.0485444,1.0121795,3,drone90,75,19,10,360
01:06:05,275.61926,0.93465346,0.963504,3,drone90,76,24,10,365
01:06:10,275.61588,0.823765,0.91831684,3,drone90,76,30,10,370
01:06:15,275.61227,0.71749943,0.8877143,3,drone90,76,36,10,375
01:06:20,275.60898,0.612586,0.87511176,3,drone90,76,42,10,380
01:06:25,275.6063,0.503856,0.8743996,3,drone90,76,48,10,385
01:06:30,275.6045,0.37528569,0.8781048,4,drone90,76,54,10,390
01:06:35,275.6055,0.26052362,0.88410395,3,drone90,76,61,10,395
01:06:40,275.60965,0.18660913,0.8937845,3,drone90,76,67,10,400
01:06:45,275.6165,0.14040129,0.90456337,3,drone90,76,73,10,405
01:06:50,275.62454,0.124030314,0.90754765,3,drone90,76,79,10,410
01:06:55,275.63232,0.13664299,0.8952754,3,drone90,76,85,10,415
01:07:00,275.63925,0.17593609,0.8674937,3,drone90,76,91,10,420
01:07:05,275.64587,0.24145181,0.82794076,3,drone90,76,97,10,425
01:07:10,275.65567,0.34101933,0.77451307,4,drone90,76,103,10,430
01:07:15,275.67276,0.45653787,0.71658033,3,drone90,75,108,10,435
01:07:20,275.69693,0.56507957,0.662477,3,drone90,76,114,10,440
01:07:25,275.73038,0.6808014,0.6021332,3,drone90,76,120,10,445
01:07:30,275.77286,0.8023223,0.5335201,3,drone90,76,126,10,450
01:07:35,275.82507,0.9285917,0.45292762,3,drone90,75,132,10,455
01:07:40,275.88913,1.0591146,0.35534796,3,drone90,75,138,10,460
01:07:45,275.96265,1.1832832,0.24029,3,drone90,75,145,10,465
01:07:50,276.03537,1.2923509,0.12280164,3,drone90,75,152,10,470
01:07:55,276.10126,1.4001899,0.014219544,4,drone90,75,158,10,475
01:08:00,276.1306,1.4880714,-0.031647746,3,drone90,75,165,10,480
01:08:05,276.12024,1.5466574,-0.0016390992,3,drone90,75,172,10,485
01:08:10,276.0907,1.592327,0.07386905,3,drone90,75,178,10,490
01:08:15,276.0603,1.6419642,0.17166401,4,drone90,75,184,10,495
01:08:20,276.0581,1.7025622,0.23434697,3,drone90,75,191,10,500
01:08:25,276.088,1.770587,0.24361415,3,drone90,75,197,10,505
01:08:30,276.1455,1.8555145,0.22328742,4,drone90,75,204,10,510
01:08:35,276.2006,1.9286221,0.21040928,3,drone90,75,211,10,515
01:08:40,276.2216,1.9698292,0.2306473,4,drone90,75,217,10,520
01:08:45,276.1855,1.9869212,0.27211943,4,drone90,75,224,10,525
01:08:50,276.08545,1.9932305,0.28742334,4,drone90,74,230,10,530
01:08:55,275.95517,1.9937749,0.25783035,3,drone90,69,231,10,535
01:09:00,275.8058,1.981334,0.21558312,4,drone90,64,231,10,540
01:09:05,275.6786,1.9613367,0.21609734,3,drone90,59,230,10,545
01:09:10,275.60623,1.9457332,0.2744422,4,drone90,59,226,10,550
01:09:15,275.58136,1.9315716,0.3544268,4,drone90,60,222,10,555
01:09:20,275.5853,1.9098701,0.39987388,3,drone90,60,218,10,560
01:09:25,275.5898,1.8624072,0.40981162,4,drone90,60,214,10,565
01:09:30,275.58844,1.7874479,0.40527916,3,drone90,60,209,10,570
01:09:35,275.58646,1.683325,0.39272514,4,drone90,60,205,10,575
01:09:40,275.58853,1.5628973,0.36689588,3,drone90,60,200,10,580
01:09:45,275.59384,1.4409521,0.31909072,4,drone90,60,196,10,585
01:09:50,275.5994,1.3330218,0.25816247,3,drone90,60,191,10,590
01:09:55,275.60367,1.2600802,0.20692272,3,drone90,60,187,10,595
01:10:00,275.6079,1.2034373,0.16426216,3,drone90,60,182,10,600
01:10:05,275.61343,1.1457444,0.12514609,4,drone90,60,178,10,605
01:10:10,275.61942,1.0850255,0.09039301,3,drone90,60,173,10,610
01:10:15,275.62503,1.0265359,0.060285646,3,drone90,60,168,10,615
01:10:20,275.6315,0.9636369,0.025109835,3,drone90,60,164,10,620
01:10:25,275.64178,0.8944323,-0.027791012,4,drone90,60,158,10,625
01:10:30,275.65738,0.8346799,-0.097626306,3,drone90,60,153,10,630
01:10:35,275.67783,0.793631,-0.17219967,3,drone90,60,148,10,635
01:10:40,275.7123,0.75509816,-0.27032,4,drone90,60,143,10,640
01:10:45,275.7579,0.7229448,-0.36990967,3,drone90,60,137,10,645
01:10:50,275.81534,0.69729805,-0.45877522,4,drone90,60,132,10,650
01:10:55,275.87485,0.6779042,-0.527138,3,drone90,60,127,10,655
01:11:00,275.92398,0.6686581,-0.5700052,4,drone90,60,121,10,660
01:11:05,275.95163,0.670764,-0.5954244,3,drone90,60,116,10,665
01:11:10,275.9497,0.68904316,-0.6138691,4,drone90,60,112,10,670
01:11:15,275.92044,0.7240178,-0.6382851,3,drone90,61,107,10,675
01:11:20,275.86502,0.7789568,-0.6777556,4,drone90,61,102,10,680
01:11:25,275.79623,0.85081655,-0.7286825,3,drone90,61,98,10,685
01:11:30,275.73593,0.9271112,-0.77167773,3,drone90,60,92,10,690
01:11:35,275.67792,1.0281445,-0.8017704,4,drone90,61,87,10,695
01:11:40,275.6425,1.1390105,-0.7921458,3,drone90,61,82,10,700
01:11:45,275.63635,1.2383443,-0.73868114,3,drone90,61,77,10,705
01:11:50,275.6562,1.3499868,-0.62894714,4,drone90,61,72,10,710
01:11:55,275.69482,1.4520746,-0.49425662,3,drone90,61,67,10,715
01:12:00,275.73935,1.5330594,-0.3742033,4,drone90,61,62,10,720
01:12:05,275.77902,1.5965099,-0.2834109,3,drone90,61,58,10,725
01:12:10,275.81845,1.6513758,-0.21029937,4,drone90,61,53,10,730
01:12:15,275.8781,1.7115612,-0.122497454,4,drone90,61,48,10,735
01:12:20,275.9707,1.7777722,0.0073210867,4,drone90,61,43,10,740
01:12:25,276.09766,1.8513184,0.21740295,4,drone90,61,38,10,745
01:12:30,276.20676,1.9114003,0.481186,3,drone90,61,33,10,750
01:12:35,276.2449,1.9431175,0.7447147,3,drone90,61,28,10,755
01:12:40,276.17548,1.948187,0.98345274,4,drone90,61,24,10,760
01:12:45,276.03903,1.9482274,1.1148599,3,drone90,61,19,10,765
01:12:50,275.93677,1.9629728,1.165433,3,drone90,59,15,10,770
01:12:55,275.86896,2.0054204,1.1989586,4,drone90,53,14,10,775
01:13:00,275.8134,2.0662515,1.1982007,3,drone90,47,14,10,780
01:13:05,275.7519,2.1221466,1.1554707,3,drone90,44,18,10,785
01:13:10,275.71045,2.1796048,1.1102601,4,drone90,46,23,10,790
01:13:15,275.75116,2.2312322,1.1515509,3,drone90,46,29,10,795
01:13:20,275.8471,2.2668812,1.2925253,3,drone90,46,35,10,800
01:13:25,275.94028,2.27474,1.4873034,3,drone90,46,41,10,805
01:13:30,275.96484,2.2433636,1.6621332,3,drone90,46,47,10,810
01:13:35,275.9027,2.155664,1.794684,4,drone90,46,53,10,815
01:13:40,275.81522,2.0222557,1.871943,3,drone90,46,59,10,820
01:13:45,275.75412,1.876659,1.9170011,3,drone90,46,64,10,825
01:13:50,275.70038,1.7095156,1.9546762,3,drone90,46,70,10,830
01:13:55,275.65213,1.5335712,1.9790908,3,drone90,46,75,10,835
01:14:00,275.62122,1.3595037,1.989077,3,drone90,46,81,10,840
01:14:05,275.61115,1.1565326,2.000827,4,drone90,46,87,10,845
01:14:10,275.61612,0.94986606,2.0267506,3,drone90,46,93,10,850
01:14:15,275.62723,0.773283,2.0580618,3,drone90,45,99,10,855
01:14:20,275.64752,0.58579993,2.0904644,4,drone90,46,105,10,860
01:14:25,275.67316,0.43810952,2.1066773,3,drone90,46,111,10,865
01:14:30,275.6943,0.35726336,2.096963,3,drone90,45,118,10,870
01:14:35,275.71207,0.31412017,2.0653183,3,drone90,45,124,10,875
01:14:40,275.72604,0.30130833,2.0126388,3,drone90,45,129,10,880
01:14:45,275.73712,0.31274372,1.9385451,4,drone90,45,135,10,885
01:14:50,275.7451,0.3427472,1.8633066,3,drone90,45,140,10,890
01:14:55,275.7522,0.38794732,1.7837304,4,drone90,45,145,10,895
01:15:00,275.7597,0.44223297,1.6987251,3,drone90,45,151,10,900
01:15:05,275.7664,0.4877989,1.6273457,3,drone90,45,158,10,905
01:15:10,275.77408,0.5347452,1.5531908,4,drone90,45,163,10,910
01:15:15,275.78174,0.57487977,1.4854621,3,drone90,45,169,10,915
01:15:20,275.78973,0.6087022,1.4174894,4,drone90,45,175,10,920
01:15:25,275.7976,0.6304882,1.3467339,3,drone90,45,181,10,925
01:15:30,275.80536,0.6414075,1.2710907,4,drone90,45,186,10,930
01:15:35,275.81262,0.6352285,1.190617,3,drone90,45,192,10,935
01:15:40,275.81848,0.61499065,1.1240749,3,drone90,45,199,10,940
01:15:45,275.82477,0.57482153,1.053144,4,drone90,45,205,10,945
01:15:50,275.82993,0.51714283,0.9895739,3,drone90,45,212,10,950
01:15:55,275.83344,0.44056377,0.9344485,4,drone90,45,218,10,955
01:16:00,275.83545,0.3467733,0.88469356,3,drone90,45,225,10,960
01:16:05,275.83603,0.25760928,0.84500957,3,drone90,44,231,10,965
01:16:10,275.83585,0.15103072,0.80203235,4,drone90,39,232,10,970
01:16:15,275.8353,0.0482765,0.7643585,3,drone90,34,231,10,975
01:16:20,275.835,-0.031124407,0.7390321,3,drone90,29,231,10,980
01:16:25,275.8351,-0.11066073,0.7192733,4,drone90,29,226,10,985
01:16:30,275.83603,-0.1756986,0.70853853,3,drone90,30,222,10,990
01:16:35,275.8382,-0.22480482,0.7074783,4,drone90,30,217,10,995
01:16:40,275.84183,-0.26261964,0.71233034,3,drone90,30,212,10,1000
01:16:45,275.84738,-0.288022,0.72262526,4,drone90,30,207,10,1005
01:16:50,275.8552,-0.30398312,0.7355698,3,drone90,30,203,10,1010
01:16:55,275.8664,-0.31083423,0.74866223,4,drone90,30,198,10,1015
01:17:00,275.88123,-0.30914375,0.76314354,3,drone90,30,193,10,1020
01:17:05,275.89554,-0.3042922,0.7750687,3,drone90,30,188,10,1025
01:17:10,275.91193,-0.29551357,0.7896905,4,drone90,30,183,10,1030
01:17:15,275.92938,-0.28098857,0.81033945,4,drone90,30,178,10,1035
01:17:20,275.94238,-0.26683012,0.83118457,3,drone90,30,173,10,1040
01:17:25,275.951,-0.2529735,0.853983,4,drone90,30,168,10,1045
01:17:30,275.95483,-0.23669867,0.88403594,4,drone90,30,164,10,1050
01:17:35,275.95267,-0.22222282,0.9147694,3,drone90,30,159,10,1055
01:17:40,275.94507,-0.20715974,0.9497556,4,drone90,30,154,10,1060
01:17:45,275.93372,-0.193651,0.9843964,3,drone90,31,149,10,1065
01:17:50,275.9205,-0.17910634,1.0166652,4,drone90,30,144,10,1070
01:17:55,275.90558,-0.16030899,1.049099,4,drone90,30,139,10,1075
01:18:00,275.89325,-0.13897203,1.0735856,4,drone90,31,134,10,1080
01:18:05,275.88507,-0.11415591,1.0897747,4,drone90,31,129,10,1085
01:18:10,275.88153,-0.07998408,1.0990036,5,drone90,30,124,10,1090
01:18:15,275.884,-0.037285022,1.100077,4,drone90,31,119,10,1095
01:18:20,275.8903,0.0032333266,1.094776,3,drone90,31,114,10,1100
01:18:25,275.90042,0.052335873,1.0844698,4,drone90,30,110,10,1105
01:18:30,275.9128,0.1057513,1.0697194,3,drone90,30,105,10,1110
01:18:35,275.92368,0.15199518,1.055328,3,drone90,31,101,10,1115
01:18:40,275.93555,0.20672563,1.0391942,4,drone90,31,97,10,1120
01:18:45,275.9457,0.25927913,1.0233349,3,drone90,31,93,10,1125
01:18:50,275.9524,0.30112574,1.010046,3,drone90,30,88,10,1130
01:18:55,275.9576,0.3455411,0.9949711,4,drone90,31,83,10,1135
01:19:00,275.9604,0.3849618,0.97924113,3,drone90,31,78,10,1140
01:19:05,275.9612,0.41360584,0.9646428,3,drone90,31,73,10,1145
01:19:10,275.96088,0.4423038,0.9465109,4,drone90,31,68,10,1150
01:19:15,275.95963,0.46464512,0.9258709,3,drone90,31,63,10,1155
01:19:20,275.95822,0.47968265,0.90644073,3,drone90,31,58,10,1160
01:19:25,275.95706,0.48979595,0.8846653,3,drone90,31,53,10,1165
01:19:30,275.95654,0.49539542,0.8580749,4,drone90,31,48,10,1170
01:19:35,275.95703,0.49872068,0.8295086,4,drone90,31,43,10,1175
01:19:40,275.9587,0.4982812,0.8027308,4,drone90,31,37,10,1180
01:19:45,275.9613,0.49499112,0.7816035,4,drone90,31,32,10,1185
01:19:50,275.96426,0.4887063,0.7715489,4,drone90,31,27,10,1190
01:19:55,275.9664,0.4820958,0.77800226,3,drone90,31,22,10,1195
01:20:00,275.96686,0.4734103,0.8073131,4,drone90,31,17,10,1200
01:20:05,275.96475,0.46223202,0.85995984,3,drone90,27,14,10,1205
01:20:10,275.96014,0.45208523,0.9328952,4,drone90,21,14,10,1210
01:20:15,275.9528,0.44772992,1.0162266,3,drone90,16,14,10,1215
01:20:20,275.94443,0.4546295,1.0849756,3,drone90,15,18,10,1220
01:20:25,275.93637,0.4759787,1.1365247,3,drone90,16,23,10,1225
01:20:30,275.93097,0.52532035,1.1637814,4,drone90,16,28,10,1230
01:20:35,275.93417,0.5986516,1.1500412,3,drone90,16,34,10,1235
01:20:40,275.94965,0.6750067,1.1009184,3,drone90,16,40,10,1240
01:20:45,275.98087,0.7479865,1.0263554,3,drone90,16,46,10,1245
01:20:50,276.02994,0.80566496,0.94228286,3,drone90,16,52,10,1250
01:20:55,276.09274,0.84054834,0.8706172,3,drone90,16,58,10,1255
01:21:00,276.16254,0.8631889,0.8325315,3,drone90,16,64,10,1260
01:21:05,276.22916,0.8912762,0.8413169,3,drone90,16,70,10,1265
01:21:10,276.28333,0.9501689,0.90844023,4,drone90,16,76,10,1270
01:21:15,276.2844,1.0296029,1.0062103,3,drone90,15,82,10,1275
01:21:20,276.21448,1.089892,1.0893518,3,drone90,16,88,10,1280
01:21:25,276.08557,1.1246372,1.1625972,3,drone90,15,94,10,1285
01:21:30,275.9442,1.1401936,1.2325805,3,drone90,16,100,10,1290
01:21:35,275.85428,1.1529266,1.3031613,3,drone90,16,106,10,1295
01:21:40,275.83972,1.1597204,1.3637114,3,drone90,15,111,10,1300
01:21:45,275.86954,1.1449324,1.398434,3,drone90,15,117,10,1305
01:21:50,275.89963,1.1079804,1.3963321,3,drone90,15,123,10,1310
01:21:55,275.9071,1.068275,1.3434384,4,drone90,15,129,10,1315
01:22:00,275.8942,1.0652896,1.2520986,3,drone90,15,134,10,1320
01:22:05,275.88046,1.0914073,1.1599852,3,drone90,15,140,10,1325
01:22:10,275.87286,1.1126595,1.0728923,3,drone90,15,146,10,1330
01:22:15,275.87637,1.0997125,1.0002271,3,drone90,16,152,10,1335
01:22:20,275.8977,1.0418607,0.9480236,3,drone90,15,158,10,1340
01:22:25,275.95673,0.9311975,0.9186375,4,drone90,15,164,10,1345
01:22:30,276.0539,0.8129752,0.93504834,3,drone90,15,171,10,1350
01:22:35,276.15616,0.7577024,1.00551,3,drone90,15,177,10,1355
01:22:40,276.23758,0.7808919,1.1366607,3,drone90,15,182,10,1360
01:22:45,276.2534,0.8872205,1.3593562,4,drone90,15,187,10,1365
01:22:50,276.17603,1.0052389,1.6300746,3,drone90,15,192,10,1370
01:22:55,276.05542,1.0690246,1.8650724,3,drone90,15,198,10,1375
01:23:00,275.9264,1.086685,2.0592642,4,drone90,15,204,10,1380
01:23:05,275.86975,1.0717335,2.1033547,3,drone90,15,210,10,1385
01:23:10,275.87692,1.0532509,2.0173752,3,drone90,15,217,10,1390
01:23:15,275.89664,1.0354589,1.8715397,3,drone90,15,224,10,1395
01:23:20,275.89282,1.0185413,1.6813188,4,drone90,15,230,10,1400
01:23:25,275.86606,1.0083917,1.4996637,3,drone90,19,233,10,1405
01:23:30,275.85034,1.000058,1.3600353,3,drone90,25,232,10,1410
01:23:35,275.8601,0.98582506,1.241002,3,drone90,30,232,9,1415
01:23:40,275.90155,0.9612185,1.1312423,4,drone90,36,232,9,1420
01:23:45,275.9575,0.9315796,1.0507952,3,drone90,41,232,8,1425
01:23:50,275.98962,0.90600187,1.0013512,3,drone90,46,232,8,1430
01:23:55,275.98755,0.8770713,0.95205796,4,drone90,51,232,7,1435
01:24:00,275.95407,0.84389037,0.9022674,3,drone90,56,232,7,1440
01:24:05,275.91367,0.8069435,0.8561702,3,drone90,61,232,7,1445
01:24:10,275.8704,0.7523936,0.79343724,4,drone90,66,232,6,1450
01:24:15,275.83688,0.6896836,0.72039205,3,drone90,71,232,7,1455
01:24:20,275.8168,0.63223857,0.64955205,3,drone90,76,232,7,1460
01:24:25,275.8015,0.5639865,0.561855,4,drone90,81,232,7,1465
01:24:30,275.79233,0.4969646,0.4761534,3,drone90,86,232,7,1470
01:24:35,275.7879,0.4342923,0.40088278,4,drone90,90,230,7,1475
01:24:40,275.7866,0.37826884,0.3405427,3,drone90,90,226,7,1480
01:24:45,275.78745,0.3382294,0.3042697,3,drone90,90,221,7,1485
01:24:50,275.79022,0.30304283,0.28041306,4,drone90,90,217,7,1490
01:24:55,275.79446,0.28055742,0.2727724,3,drone90,90,212,7,1495
01:25:00,275.80045,0.2719714,0.2786575,4,drone90,90,207,7,1500
01:25:05,275.8092,0.2746146,0.2932084,4,drone90,90,202,7,1505
01:25:10,275.81833,0.28594854,0.30951312,3,drone90,90,198,7,1510
01:25:15,275.8288,0.30333674,0.32686338,4,drone90,90,193,7,1515
01:25:20,275.84085,0.32273343,0.34336284,4,drone90,90,188,7,1520
01:25:25,275.84998,0.33381113,0.3531445,3,drone90,90,184,7,1525
01:25:30,275.85602,0.3300916,0.3541047,4,drone90,90,179,7,1530
01:25:35,275.85718,0.29439688,0.3368504,4,drone90,90,175,7,1535
01:25:40,275.8527,0.22291523,0.30504984,3,drone90,90,170,7,1540
01:25:45,275.84656,0.11313056,0.2668404,4,drone90,90,166,7,1545
01:25:50,275.84406,-0.005347954,0.23467965,3,drone90,91,162,7,1550
01:25:55,275.84778,-0.09918466,0.21996409,4,drone90,90,158,7,1555
01:26:00,275.85623,-0.16140823,0.22644904,4,drone90,91,153,7,1560
01:26:05,275.86417,-0.18219803,0.2428758,3,drone90,90,149,7,1565
01:26:10,275.87183,-0.18169485,0.25267527,4,drone90,91,144,7,1570
01:26:15,275.87927,-0.16982742,0.24711926,3,drone90,91,140,7,1575
01:26:20,275.88614,-0.14600256,0.22524539,4,drone90,91,136,6,1580
01:26:25,275.8936,-0.09695858,0.19728842,4,drone90,91,132,6,1585
01:26:30,275.90225,-0.02415736,0.18317465,3,drone90,90,128,7,1590
01:26:35,275.92267,0.08202872,0.19592331,4,drone90,91,124,7,1595
01:26:40,275.96603,0.23514494,0.25293583,4,drone90,91,120,7,1600
01:26:45,276.0194,0.38721433,0.33643568,3,drone90,91,116,7,1605
01:26:50,276.08167,0.5426898,0.43860132,4,drone90,91,111,7,1610
01:26:55,276.15643,0.71027565,0.56156105,4,drone90,91,107,7,1615
01:27:00,276.23163,0.85075194,0.6819372,4,drone90,91,103,7,1620
01:27:05,276.29684,0.94146925,0.7852905,3,drone90,91,99,7,1625
01:27:10,276.35983,0.9981946,0.8942723,4,drone90,91,94,7,1630
01:27:15,276.42072,1.0325562,1.028674,4,drone90,91,90,7,1635
01:27:20,276.4518,1.0550295,1.1459228,3,drone90,91,86,7,1640
01:27:25,276.44385,1.0951529,1.2322879,4,drone90,91,81,7,1645
01:27:30,276.3908,1.1609694,1.261751,3,drone90,91,76,7,1650
01:27:35,276.30823,1.2248586,1.2336117,3,drone90,91,71,7,1655
01:27:40,276.18152,1.2674663,1.1587515,4,drone90,91,66,7,1660
01:27:45,276.04694,1.2467636,1.0554734,3,drone90,91,60,7,1665
01:27:50,275.9346,1.1497309,0.925175,4,drone90,91,55,7,1670
01:27:55,275.85803,0.97499484,0.75797546,4,drone90,91,49,7,1675
01:28:00,275.8368,0.79258275,0.61836904,3,drone90,91,44,7,1680
01:28:05,275.84363,0.6086476,0.5161097,4,drone90,92,39,7,1685
01:28:10,275.85892,0.44571707,0.46850595,3,drone90,91,33,7,1690
01:28:15,275.87317,0.32901925,0.48858082,4,drone90,92,27,7,1695
01:28:20,275.88553,0.27268574,0.56945926,3,drone90,92,22,7,1700
01:28:25,275.90247,0.2887009,0.7157386,4,drone90,91,17,7,1705
01:28:30,275.93665,0.35567233,0.9114668,3,drone90,86,14,7,1710
01:28:35,276.0047,0.446972,1.164604,4,drone90,81,15,7,1715
01:28:40,276.11276,0.5312638,1.4763077,3,drone90,76,15,7,1720
01:28:45,276.24518,0.6030695,1.8267277,4,drone90,76,20,6,1725
01:28:50,276.30838,0.6969166,2.1175272,3,drone90,77,25,6,1730
01:28:55,276.21216,0.82008404,2.2123144,3,drone90,76,31,7,1735
01:29:00,275.9984,0.9616043,2.1571474,3,drone90,77,37,7,1740
01:29:05,275.7738,1.072942,2.0238707,4,drone90,76,42,7,1745
01:29:10,275.6987,1.0817461,1.9227798,4,drone90,76,48,7,1750
01:29:15,275.74316,1.0216745,1.8775959,3,drone90,76,54,7,1755
01:29:20,275.79663,0.96764374,1.8381237,3,drone90,76,60,7,1760
01:29:25,275.82138,0.94726425,1.7790934,3,drone90,76,66,7,1765
01:29:30,275.81256,0.95496196,1.6954589,4,drone90,76,71,7,1770
01:29:35,275.78995,0.95776844,1.6322428,3,drone90,76,77,7,1775
01:29:40,275.77686,0.94246626,1.6269865,3,drone90,76,83,6,1780
01:29:45,275.77872,0.9187849,1.6783748,3,drone90,76,89,6,1785
01:29:50,275.7988,0.8900137,1.7843505,3,drone90,76,94,6,1790
01:29:55,275.83768,0.8376652,1.9336178,4,drone90,76,101,7,1795
01:30:00,275.86707,0.76954776,2.0346916,3,drone90,76,107,7,1800
01:30:05,275.86414,0.7165661,2.0314882,3,drone90,76,114,7,1805
01:30:10,275.83743,0.67586464,1.9587895,3,drone90,76,120,7,1810
01:30:15,275.80844,0.63657266,1.8690027,3,drone90,76,127,7,1815
01:30:20,275.7892,0.5870599,1.7988677,3,drone90,76,133,7,1820
01:30:25,275.77737,0.51478803,1.7433734,4,drone90,76,139,7,1825
01:30:30,275.77158,0.4350698,1.6973047,3,drone90,75,146,7,1830
01:30:35,275.76987,0.36557886,1.6564204,3,drone90,75,152,7,1835
01:30:40,275.76993,0.29749325,1.6121869,3,drone90,75,159,7,1840
01:30:45,275.77087,0.23197137,1.565547,3,drone90,75,166,7,1845
01:30:50,275.7723,0.15913616,1.510483,4,drone90,75,173,7,1850
01:30:55,275.77377,0.08875499,1.4558163,3,drone90,75,179,7,1855
01:31:00,275.77533,0.019377619,1.4012704,4,drone90,75,186,7,1860
01:31:05,275.77692,-0.0498164,1.3459773,3,drone90,75,192,7,1865
01:31:10,275.77866,-0.11947042,1.2884424,4,drone90,75,198,7,1870
01:31:15,275.78052,-0.18923487,1.2279872,3,drone90,75,204,7,1875
01:31:20,275.7822,-0.24809043,1.1741639,3,drone90,75,210,7,1880
01:31:25,275.78424,-0.3142588,1.1103803,4,drone90,75,217,7,1885
01:31:30,275.7864,-0.37644085,1.0475638,3,drone90,75,223,7,1890
01:31:35,275.78882,-0.4321869,0.9884588,4,drone90,75,229,7,1895
01:31:40,275.7916,-0.48069027,0.93477106,3,drone90,71,231,7,1900
01:31:45,275.79504,-0.5205081,0.8880813,4,drone90,66,230,7,1905
01:31:50,275.79962,-0.5509277,0.84984344,3,drone90,61,231,7,1910
01:31:55,275.80472,-0.5679482,0.8256211,3,drone90,59,228,7,1915
01:32:00,275.81122,-0.57751036,0.8068304,4,drone90,60,223,7,1920
01:32:05,275.81747,-0.5778147,0.7962484,3,drone90,60,218,7,1925
01:32:10,275.8228,-0.57001704,0.79201764,4,drone90,60,213,7,1930
01:32:15,275.82745,-0.5540767,0.79122466,4,drone90,60,208,7,1935
01:32:20,275.83017,-0.5355847,0.79130095,3,drone90,60,203,7,1940
01:32:25,275.83185,-0.5087536,0.7898861,5,drone90,60,198,7,1945
01:32:30,275.83273,-0.47128725,0.7835761,4,drone90,60,194,7,1950
01:32:35,275.833,-0.43026334,0.77112764,4,drone90,60,188,7,1955
01:32:40,275.83356,-0.38283324,0.7527829,4,drone90,60,183,7,1960
01:32:45,275.8349,-0.33144912,0.7315147,4,drone90,60,178,7,1965
01:32:50,275.83713,-0.27911168,0.7126154,4,drone90,60,173,7,1970
01:32:55,275.84015,-0.23105574,0.7017219,4,drone90,60,168,7,1975
01:33:00,275.84406,-0.19254786,0.70366114,4,drone90,60,163,6,1980
01:33:05,275.84946,-0.16616842,0.7225096,5,drone90,60,158,7,1985
01:33:10,275.85556,-0.15598504,0.75513196,4,drone90,60,153,7,1990
01:33:15,275.86115,-0.15683314,0.7926428,4,drone90,61,148,7,1995
01:33:20,275.86734,-0.16050744,0.84406245,5,drone90,61,143,7,2000
01:33:25,275.87344,-0.15849227,0.90127313,4,drone90,60,138,7,2005
01:33:30,275.87866,-0.14097932,0.9453646,4,drone90,61,134,7,2010
01:33:35,275.88394,-0.09307777,0.96814615,4,drone90,61,129,7,2015
01:33:40,275.88947,0.0021143397,0.9556196,4,drone90,61,124,7,2020
01:33:45,275.89615,0.14636812,0.90679944,4,drone90,61,119,7,2025
01:33:50,275.90558,0.2805334,0.84524757,3,drone90,61,114,7,2030
01:33:55,275.91983,0.35782024,0.78865284,3,drone90,61,110,7,2035
01:34:00,275.9475,0.38010502,0.7317258,4,drone90,61,105,7,2040
01:34:05,275.994,0.33755758,0.695767,3,drone90,61,100,7,2045
01:34:10,276.05847,0.22817953,0.68343955,4,drone90,61,96,7,2050
01:34:15,276.13077,0.07518026,0.6804786,3,drone90,61,92,7,2055
01:34:20,276.20172,-0.104846634,0.6711377,4,drone90,61,87,7,2060
01:34:25,276.26865,-0.2987793,0.6599607,3,drone90,61,83,7,2065
01:34:30,276.32468,-0.46668983,0.6772905,3,drone90,61,78,7,2070
01:34:35,276.38724,-0.6283208,0.7889278,4,drone90,61,73,6,2075
01:34:40,276.4274,-0.69063264,1.0265169,3,drone90,61,69,7,2080
01:34:45,276.41528,-0.61636394,1.3156294,3,drone90,61,65,7,2085
01:34:50,276.32788,-0.4056334,1.6653799,4,drone90,61,60,7,2090
01:34:55,276.18167,-0.15788276,1.9383492,3,drone90,61,56,7,2095
01:35:00,276.01785,0.020317188,2.0596237,4,drone90,61,51,7,2100
01:35:05,275.88742,0.07381678,2.0429327,3,drone90,61,45,7,2105
01:35:10,275.8275,-0.019794919,1.9439963,4,drone90,62,40,7,2110
01:35:15,275.8289,-0.21214104,1.8488656,3,drone90,62,34,7,2115
01:35:20,275.8631,-0.4404001,1.8095248,4,drone90,61,28,7,2120
01:35:25,275.89978,-0.632819,1.8213946,3,drone90,62,23,7,2125
01:35:30,275.93436,-0.7419063,1.8568821,4,drone90,62,17,7,2130
01:35:35,275.97632,-0.7728002,1.8814354,3,drone90,58,14,7,2135
01:35:40,276.02347,-0.7395912,1.8794979,4,drone90,52,14,7,2140
01:35:45,276.04556,-0.67007476,1.866303,3,drone90,46,14,7,2145
01:35:50,276.01056,-0.5803792,1.8567961,4,drone90,45,19,7,2150
01:35:55,275.93896,-0.49602446,1.8514324,3,drone90,46,24,7,2155
01:36:00,275.87634,-0.4540672,1.8368053,4,drone90,46,30,7,2160
01:36:05,275.8449,-0.46083713,1.8020897,3,drone90,47,36,6,2165
01:36:10,275.84265,-0.4905244,1.7525507,3,drone90,46,42,7,2170
01:36:15,275.85315,-0.5170372,1.6799779,4,drone90,46,48,7,2175
01:36:20,275.86444,-0.5164292,1.6037382,3,drone90,46,54,7,2180
01:36:25,275.87256,-0.48958698,1.53191,4,drone90,46,60,7,2185
01:36:30,275.88022,-0.44577748,1.4604856,4,drone90,46,66,7,2190
01:36:35,275.88718,-0.40920714,1.407383,3,drone90,46,72,7,2195
01:36:40,275.8949,-0.38075218,1.3598665,4,drone90,46,78,7,2200
01:36:45,275.90344,-0.3586228,1.3117217,3,drone90,46,83,7,2205
01:36:50,275.91324,-0.3390289,1.2574247,4,drone90,46,89,7,2210
01:36:55,275.92444,-0.3161985,1.1968054,3,drone90,46,95,7,2215
01:37:00,275.93347,-0.2888807,1.134689,4,drone90,46,101,7,2220
01:37:05,275.93625,-0.25765297,1.078494,3,drone90,46,108,7,2225
01:37:10,275.93103,-0.22597626,1.0366756,4,drone90,46,114,7,2230
01:37:15,275.92053,-0.19567698,1.0111806,4,drone90,46,120,7,2235
01:37:20,275.91144,-0.1810826,1.0079371,3,drone90,46,126,7,2240
01:37:25,275.90356,-0.18220744,1.0170157,4,drone90,46,132,7,2245
01:37:30,275.89618,-0.19761834,1.0278624,4,drone90,46,138,7,2250
01:37:35,275.89038,-0.224848,1.0231177,4,drone90,46,144,7,2255
01:37:40,275.88647,-0.25843313,0.9969776,3,drone90,46,150,7,2260
01:37:45,275.8834,-0.30471575,0.94524026,4,drone90,45,156,7,2265
01:37:50,275.8804,-0.3765823,0.86072576,4,drone90,45,162,7,2270
01:37:55,275.87778,-0.45611286,0.7738374,3,drone90,45,169,7,2275
01:38:00,275.87466,-0.54411024,0.68946916,4,drone90,45,174,7,2280
01:38:05,275.87073,-0.6358917,0.61455524,4,drone90,45,180,7,2285
01:38:10,275.8664,-0.713387,0.5656432,5,drone90,45,186,7,2290
01:38:15,275.86246,-0.7671219,0.54405755,4,drone90,45,192,7,2295
01:38:20,275.85968,-0.79936934,0.54130495,5,drone90,45,198,7,2300
01:38:25,275.85846,-0.81756294,0.5467518,5,drone90,45,203,7,2305
01:38:30,275.8592,-0.82398975,0.55077827,4,drone90,45,209,7,2310
01:38:35,275.86142,-0.8250736,0.54840106,4,drone90,45,214,7,2315
01:38:40,275.86508,-0.82482195,0.53648174,4,drone90,45,220,7,2320
01:38:45,275.86948,-0.8252991,0.5154963,4,drone90,45,226,7,2325
01:38:50,275.87378,-0.82526386,0.4914235,4,drone90,43,231,7,2330
01:38:55,275.87762,-0.8238332,0.46745986,4,drone90,38,231,7,2335
01:39:00,275.88104,-0.8195499,0.4428021,5,drone90,32,231,7,2340
01:39:05,275.88388,-0.8086802,0.41971427,5,drone90,29,229,7,2345
01:39:10,275.88593,-0.7906935,0.40326515,4,drone90,30,225,7,2350
01:39:15,275.88824,-0.76082194,0.39430875,5,drone90,30,220,7,2355
01:39:20,275.89215,-0.7164944,0.3986413,4,drone90,30,216,7,2360
01:39:25,275.899,-0.66197056,0.4203933,4,drone90,30,212,7,2365
01:39:30,275.9106,-0.5942073,0.4609881,4,drone90,30,207,7,2370
01:39:35,275.92465,-0.5310075,0.5056097,3,drone90,30,202,7,2375
01:39:40,275.94125,-0.46934304,0.5495896,4,drone90,30,198,7,2380
01:39:45,275.96094,-0.40543023,0.5830944,4,drone90,30,193,7,2385
01:39:50,275.97894,-0.3471978,0.5864044,4,drone90,30,188,7,2390
01:39:55,275.9917,-0.3002248,0.5635288,3,drone90,30,183,7,2395
01:40:00,276.00085,-0.25672555,0.52589476,4,drone90,30,179,7,2400
01:40:05,276.00772,-0.21782559,0.48812962,3,drone90,30,174,7,2405
01:40:10,276.01437,-0.1822618,0.4635069,4,drone90,30,170,7,2410
01:40:15,276.02417,-0.14608766,0.45783028,3,drone90,31,165,7,2415
01:40:20,276.04138,-0.11984142,0.47278675,4,drone90,30,160,6,2420
01:40:25,276.07617,-0.11653657,0.50445074,4,drone90,30,156,6,2425
01:40:30,276.12546,-0.14630912,0.5422135,3,drone90,30,151,7,2430
01:40:35,276.19662,-0.2149233,0.5913209,4,drone90,31,146,7,2435
01:40:40,276.28534,-0.31636876,0.64970833,3,drone90,31,141,7,2440
01:40:45,276.3867,-0.44374913,0.7184602,4,drone90,31,136,7,2445
01:40:50,276.48505,-0.5861776,0.79529023,3,drone90,31,131,7,2450
01:40:55,276.54663,-0.7329663,0.8778603,4,drone90,31,126,7,2455
01:41:00,276.53677,-0.8686431,0.9594515,3,drone90,31,121,7,2460
01:41:05,276.42972,-0.96808445,1.0208815,4,drone90,31,117,7,2465
01:41:10,276.23056,-1.0203888,1.0449678,4,drone90,31,112,7,2470
01:41:15,276.02832,-1.0094571,1.0063567,4,drone90,31,107,7,2475
01:41:20,275.89163,-0.9606667,0.92055285,4,drone90,31,102,7,2480
01:41:25,275.84302,-0.92354363,0.83119345,3,drone90,31,97,7,2485
01:41:30,275.85126,-0.9252416,0.74806106,4,drone90,31,93,7,2490
01:41:35,275.88586,-0.97011805,0.65860534,4,drone90,31,88,7,2495
01:41:40,275.9161,-1.0189939,0.5792276,3,drone90,31,83,7,2500
01:41:45,275.93964,-1.0359482,0.5160433,4,drone90,31,79,7,2505
01:41:50,275.9601,-0.9989648,0.49900815,3,drone90,31,74,7,2510
01:41:55,275.98242,-0.9087425,0.56033057,4,drone90,32,69,7,2515
01:42:00,276.0206,-0.78842634,0.72609746,4,drone90,31,64,7,2520
01:42:05,276.0836,-0.7055177,0.94442105,3,drone90,31,59,7,2525
01:42:10,276.17963,-0.6628431,1.2095382,4,drone90,31,54,7,2530
01:42:15,276.27957,-0.6465656,1.4729036,3,drone90,32,49,7,2535
01:42:20,276.3407,-0.6335112,1.6746858,4,drone90,32,44,7,2540
01:42:25,276.34274,-0.6098264,1.7962267,4,drone90,32,39,7,2545
01:42:30,276.28973,-0.5957897,1.8113195,4,drone90,31,34,7,2550
01:42:35,276.217,-0.6242708,1.7591997,4,drone90,31,29,7,2555
01:42:40,276.15155,-0.7161672,1.6761503,4,drone90,32,24,6,2560
01:42:45,276.106,-0.83272237,1.594788,3,drone90,31,19,7,2565
01:42:50,276.0662,-0.93728954,1.5071719,4,drone90,31,15,7,2570
01:42:55,276.0264,-0.9963851,1.4043982,4,drone90,25,14,7,2575
01:43:00,276.00113,-1.0011394,1.3237879,3,drone90,19,13,7,2580
01:43:05,275.9873,-0.9920554,1.2667792,4,drone90,14,15,7,2585
01:43:10,275.97922,-0.9913009,1.2345363,4,drone90,16,20,7,2590
01:43:15,275.9753,-1.0021065,1.2232014,4,drone90,17,25,7,2595
01:43:20,275.97537,-1.0180212,1.2103208,3,drone90,16,30,7,2600
01:43:25,275.97836,-1.0431571,1.1800578,4,drone90,17,36,7,2605
01:43:30,275.9809,-1.0832615,1.1207478,4,drone90,16,41,7,2610
01:43:35,275.97723,-1.1236994,1.0401489,4,drone90,16,47,7,2615
01:43:40,275.96805,-1.1435866,0.9579056,3,drone90,16,53,7,2620
01:43:45,275.9558,-1.1363031,0.8635409,4,drone90,16,59,7,2625
01:43:50,275.94485,-1.1057634,0.76006293,3,drone90,16,65,7,2630
01:43:55,275.93774,-1.0585439,0.65229833,4,drone90,16,71,7,2635
01:44:00,275.93423,-1.0057274,0.5472473,3,drone90,16,77,7,2640
01:44:05,275.9339,-0.9513014,0.45333093,4,drone90,16,83,7,2645
01:44:10,275.93646,-0.8938184,0.3695997,4,drone90,16,89,7,2650
01:44:15,275.94092,-0.8537807,0.32638958,3,drone90,16,95,7,2655
01:44:20,275.94693,-0.8299061,0.3185566,4,drone90,16,101,7,2660
01:44:25,275.9537,-0.82337314,0.34104976,3,drone90,16,107,7,2665
01:44:30,275.96106,-0.8321094,0.38429698,4,drone90,16,113,7,2670
01:44:35,275.9696,-0.8449707,0.42795983,3,drone90,16,120,7,2675
01:44:40,275.9802,-0.8496132,0.45385614,4,drone90,16,126,7,2680
01:44:45,275.99292,-0.84323543,0.46285525,3,drone90,16,132,7,2685
01:44:50,276.00864,-0.8358919,0.46972007,4,drone90,16,138,7,2690
01:44:55,276.03156,-0.842086,0.4998298,3,drone90,16,144,7,2695
01:45:00,276.07083,-0.8738395,0.5835295,4,drone90,16,150,7,2700
01:45:05,276.15756,-0.9393068,0.7685717,4,drone90,16,156,7,2705
01:45:10,276.29477,-1.0172757,1.0191773,3,drone90,15,162,7,2710
01:45:15,276.46802,-1.1135991,1.3095307,4,drone90,16,168,7,2715
01:45:20,276.5942,-1.2465819,1.5456959,3,drone90,15,174,7,2720
01:45:25,276.6179,-1.4842197,1.636637,4,drone90,15,181,7,2725
01:45:30,276.5923,-1.8856403,1.6019424,3,drone90,15,187,7,2730
01:45:35,276.5782,-2.4746618,1.5307777,4,drone90,15,194,7,2735
01:45:40,276.58914,-3.207858,1.5385853,4,drone90,15,200,7,2740
01:45:45,276.63486,-3.6727772,1.6662492,3,drone90,15,207,7,2745
01:45:50,276.74683,-3.7430387,1.9072582,4,drone90,15,214,7,2750
01:45:55,276.90744,-3.2454894,2.2815652,4,drone90,15,220,7,2755
01:46:00,276.99265,-2.3192587,2.643345,3,drone90,15,226,7,2760
01:46:05,276.98547,-1.0895613,2.9800956,4,drone90,17,231,7,2765
01:46:10,276.9212,0.2617219,3.276591,4,drone90,20,228,7,2770
01:46:15,276.86096,1.2634361,3.4387197,4,drone90,22,224,7,2775
01:46:20,276.79755,1.8247008,3.4576693,3,drone90,24,219,8,2780
01:46:25,276.67862,2.1315126,3.3673038,4,drone90,26,215,8,2785
01:46:30,276.52612,2.2436135,3.201647,3,drone90,27,211,8,2790
01:46:35,276.39886,2.1714077,2.9970117,4,drone90,29,207,8,2795
01:46:40,276.33514,1.941652,2.8205566,4,drone90,31,202,7,2800
01:46:45,276.37604,1.6709453,2.7941487,3,drone90,32,198,7,2805
01:46:50,276.50668,1.3779817,2.8673983,4,drone90,34,194,7,2810
01:46:55,276.66464,1.0843489,2.9515169,3,drone90,36,190,8,2815
01:47:00,276.76755,0.7556973,3.0471168,4,drone90,38,186,8,2820
01:47:05,276.77933,0.38096893,3.214077,3,drone90,39,181,7,2825
01:47:10,276.7255,0.085176736,3.5055256,4,drone90,41,177,7,2830
01:47:15,276.6954,-0.046852,4.009256,4,drone90,43,173,8,2835
01:47:20,276.73938,-0.06556463,4.5997195,3,drone90,45,169,8,2840
01:47:25,276.84018,0.23821414,4.9040327,4,drone90,46,165,8,2845
01:47:30,276.96783,1.5613745,4.0142226,4,drone90,48,160,8,2850
01:47:35,276.9832,3.3198583,2.3263023,3,drone90,50,156,7,2855
01:47:40,276.8008,4.498625,1.107771,4,drone90,52,152,7,2860
01:47:45,276.55115,4.3573036,1.1469468,3,drone90,53,146,7,2865
01:47:50,276.4301,3.6545043,1.7547257,4,drone90,53,141,7,2870
01:47:55,276.38385,3.3482158,1.9237608,3,drone90,54,136,8,2875
01:48:00,276.31976,3.358625,1.7116783,4,drone90,59,136,8,2880
01:48:05,276.2394,3.4106843,1.5591007,3,drone90,60,140,9,2885
01:48:10,276.18652,3.461405,1.5114058,4,drone90,55,142,8,2890
01:48:15,276.1948,3.49472,1.4294884,4,drone90,54,138,9,2895
01:48:20,276.26346,3.4451046,1.2903692,4,drone90,56,135,8,2900
01:48:25,276.3622,3.2362788,1.1617545,4,drone90,60,137,8,2905
01:48:30,276.46808,2.8463097,1.1393061,4,drone90,59,141,7,2910
01:48:35,276.57318,2.4270542,1.2981948,4,drone90,54,141,6,2915
01:48:40,276.68466,2.2659652,1.5938529,4,drone90,53,137,5,2920
01:48:45,276.75906,2.4536886,1.860258,3,drone90,55,132,5,2925
01:48:50,276.73987,2.7565587,2.109911,4,drone90,55,129,5,2930
01:48:55,276.65192,2.8755772,2.4254618,4,drone90,55,129,5,2935
01:49:00,276.62918,2.801012,2.6032784,3,drone90,55,129,4,2940
01:49:05,276.65198,2.7165694,2.5458496,4,drone90,55,129,4,2945
01:49:10,276.669,2.6541438,2.2785604,4,drone90,55,129,3,2950
01:49:15,276.6691,2.6311166,1.9747219,3,drone90,55,129,3,2955
01:49:20,276.64166,2.6257665,1.6707761,4,drone90,55,129,3,2960
01:49:25,276.56543,2.6260104,1.3810729,4,drone90,55,129,3,2965
01:49:30,276.45792,2.6511853,1.183245,4,drone90,55,129,0,2970
01:49:35,276.397,2.7222857,1.0497218,4,drone90,55,129,0,2975
01:00:05,276.09518,,,3,drone21,70,146,4,5
01:00:10,276.12476,,,4,drone21,70,150,4,10
01:00:15,276.15167,,,3,drone21,70,154,4,15
01:00:20,276.1666,,,3,drone21,70,157,4,20
01:00:25,276.1722,,,3,drone21,70,161,4,25
01:00:30,276.17007,,,3,drone21,70,165,4,30
01:00:35,276.1643,,,3,drone21,70,169,4,35
01:00:40,276.15897,,,4,drone21,70,172,4,40
01:00:45,276.16025,,,3,drone21,70,173,4,45
01:00:50,276.16934,,,3,drone21,68,173,4,50
01:00:55,276.1837,,,3,drone21,64,173,4,55
01:01:00,276.19666,,,4,drone21,62,173,4,60
01:01:05,276.18643,,,3,drone21,62,172,4,65
01:01:10,276.1217,,,4,drone21,62,169,4,70
01:01:15,275.9866,,,3,drone21,62,165,4,75
01:01:20,275.83188,,,3,drone21,62,161,4,80
01:01:25,275.7024,,,3,drone21,62,157,4,85
01:01:30,275.63724,,,3,drone21,62,154,4,90
01:01:35,275.63327,,,3,drone21,62,150,4,95
01:01:40,275.6624,,,3,drone21,62,146,4,100
01:01:45,275.6989,,,3,drone21,62,142,4,105
01:01:50,275.73212,,,3,drone21,62,139,4,110
01:01:55,275.75958,,,3,drone21,62,135,4,115
01:02:00,275.78067,,,3,drone21,62,131,4,120
01:02:05,275.7977,,,3,drone21,62,127,4,125
01:02:10,275.821,,,4,drone21,62,124,4,130
01:02:15,275.85504,,,3,drone21,62,120,4,135
01:02:20,275.8923,,,3,drone21,62,116,4,140
01:02:25,275.9252,,,3,drone21,62,114,4,145
01:02:30,275.93558,,,3,drone21,62,113,4,150
01:02:35,275.90924,,,4,drone21,59,113,4,155
01:02:40,275.8585,,,3,drone21,56,113,4,160
01:02:45,275.81845,,,3,drone21,54,113,4,165
01:02:50,275.81424,,,3,drone21,54,115,4,170
01:02:55,275.8656,,,3,drone21,54,118,4,175
01:03:00,275.94705,,,3,drone21,54,122,4,180
01:03:05,276.00143,,,3,drone21,54,126,4,185
01:03:10,275.98917,,,3,drone21,54,129,4,190
01:03:15,275.92673,,,3,drone21,54,133,4,195
01:03:20,275.86954,,,3,drone21,54,137,4,200
01:03:25,275.859,,,3,drone21,54,141,4,205
01:03:30,275.89865,,,3,drone21,54,144,4,210
01:03:35,275.97177,,,3,drone21,54,148,4,215
01:03:40,276.0734,,,4,drone21,54,152,4,220
01:03:45,276.16537,,,3,drone21,54,156,4,225
01:03:50,276.21432,,,3,drone21,54,159,4,230
01:03:55,276.22104,,,3,drone21,54,163,4,235
01:04:00,276.17615,,,4,drone21,54,167,4,240
01:04:05,276.10477,,,3,drone21,54,171,4,245
01:04:10,276.04538,,,4,drone21,54,173,4,250
01:04:15,276.02664,,,3,drone21,53,173,4,255
01:04:20,276.04443,,,3,drone21,50,173,4,260
01:04:25,276.06046,,,4,drone21,47,173,4,265
01:04:30,276.02466,,,3,drone21,46,173,4,270
01:04:35,275.93765,,,3,drone21,46,171,4,275
01:04:40,275.82443,,,3,drone21,46,167,4,280
01:04:45,275.7233,,,3,drone21,46,163,4,285
01:04:50,275.6686,,,3,drone21,46,160,4,290
01:04:55,275.68018,,,4,drone21,46,156,4,295
01:05:00,275.73743,,,3,drone21,46,152,4,300
01:05:05,275.7924,,,3,drone21,46,148,4,305
01:05:10,275.84714,,,3,drone21,46,145,4,310
01:05:15,275.91724,,,3,drone21,46,141,4,315
01:05:20,276.01505,,,3,drone21,46,137,4,320
01:05:25,276.14777,,,4,drone21,46,133,4,325
01:05:30,276.26547,,,3,drone21,46,129,4,330
01:05:35,276.3545,,,4,drone21,46,126,4,335
01:05:40,276.41348,,,3,drone21,46,122,4,340
01:05:45,276.4412,,,3,drone21,46,118,4,345
01:05:50,276.45044,,,3,drone21,46,115,4,350
01:05:55,276.43954,,,3,drone21,46,113,4,355
01:06:00,276.40353,,,3,drone21,45,113,4,360
01:06:05,276.3379,,,3,drone21,42,114,4,365
01:06:10,276.24826,,,3,drone21,40,115,4,370
01:06:15,276.15726,,,3,drone21,40,115,4,375
01:06:20,276.09045,,,3,drone21,43,115,4,380
01:06:25,276.06137,,,3,drone21,47,115,4,385
01:06:30,276.0699,,,4,drone21,51,115,4,390
01:06:35,276.1019,,,3,drone21,54,115,4,395
01:06:40,276.13474,,,3,drone21,58,115,4,400
01:06:45,276.15872,,,3,drone21,62,115,4,405
01:06:50,276.1497,,,3,drone21,66,115,4,410
01:06:55,276.08133,,,3,drone21,70,115,4,415
01:07:00,275.95776,,,3,drone21,73,115,4,420
01:07:05,275.82162,,,3,drone21,76,115,4,425
01:07:10,275.70972,,,4,drone21,77,115,4,430
01:07:15,275.64902,,,3,drone21,78,117,4,435
01:07:20,275.6102,,,3,drone21,78,121,4,440
01:07:25,275.57007,,,3,drone21,77,123,4,445
01:07:30,275.5409,,,3,drone21,76,123,4,450
01:07:35,275.5227,,,3,drone21,73,123,4,455
01:07:40,275.51324,,,3,drone21,70,123,4,460
01:07:45,275.51117,,,3,drone21,66,123,4,465
01:07:50,275.5155,,,3,drone21,62,123,4,470
01:07:55,275.5276,,,4,drone21,58,123,4,475
01:08:00,275.54688,,,3,drone21,55,123,4,480
01:08:05,275.57175,,,3,drone21,51,123,4,485
01:08:10,275.60733,,,3,drone21,47,123,4,490
01:08:15,275.65692,,,4,drone21,43,123,4,495
01:08:20,275.70255,,,3,drone21,40,123,4,500
01:08:25,275.72598,,,3,drone21,39,123,4,505
01:08:30,275.72607,,,4,drone21,39,125,4,510
01:08:35,275.70224,,,3,drone21,39,129,4,515
01:08:40,275.66412,,,4,drone21,39,131,4,520
01:08:45,275.62164,,,4,drone21,41,131,4,525
01:08:50,275.587,,,4,drone21,44,131,4,530
01:08:55,275.56534,,,3,drone21,48,131,4,535
01:09:00,275.555,,,4,drone21,51,131,4,540
01:09:05,275.55145,,,3,drone21,55,131,4,545
01:09:10,275.55118,,,4,drone21,59,131,4,550
01:09:15,275.5525,,,4,drone21,63,131,4,555
01:09:20,275.5555,,,3,drone21,66,131,4,560
01:09:25,275.56055,,,4,drone21,70,131,4,565
01:09:30,275.5673,,,3,drone21,74,131,4,570
01:09:35,275.575,,,4,drone21,77,131,4,575
01:09:40,275.5831,,,3,drone21,77,132,4,580
01:09:45,275.59082,,,4,drone21,77,134,4,585
01:09:50,275.5977,,,3,drone21,77,138,4,590
01:09:55,275.6029,,,3,drone21,77,139,4,595
01:10:00,275.60812,,,3,drone21,76,139,4,600
01:10:05,275.61404,,,4,drone21,72,139,4,605
01:10:10,275.61972,,,3,drone21,68,139,4,610
01:10:15,275.62466,,,3,drone21,65,139,4,615
01:10:20,275.63013,,,3,drone21,61,139,4,620
01:10:25,275.63736,,,4,drone21,57,139,4,625
01:10:30,275.6455,,,3,drone21,53,139,4,630
01:10:35,275.65332,,,3,drone21,50,139,4,635
01:10:40,275.66473,,,4,drone21,46,139,4,640
01:10:45,275.68213,,,3,drone21,42,139,4,645
01:10:50,275.71414,,,4,drone21,40,139,4,650
01:10:55,275.76926,,,3,drone21,39,140,4,655
01:11:00,275.8601,,,4,drone21,39,143,4,660
01:11:05,275.9795,,,3,drone21,39,146,4,665
01:11:10,276.10623,,,4,drone21,39,147,4,670
01:11:15,276.20377,,,3,drone21,41,147,4,675
01:11:20,276.2209,,,4,drone21,45,147,4,680
01:11:25,276.1465,,,3,drone21,49,147,4,685
01:11:30,276.03036,,,3,drone21,52,147,4,690
01:11:35,275.89923,,,4,drone21,56,147,4,695
01:11:40,275.81604,,,3,drone21,60,147,4,700
01:11:45,275.79013,,,3,drone21,64,147,4,705
01:11:50,275.78256,,,4,drone21,67,147,4,710
01:11:55,275.76953,,,3,drone21,71,147,4,715
01:12:00,275.74832,,,4,drone21,75,147,4,720
01:12:05,275.73294,,,3,drone21,77,147,4,725
01:12:10,275.73462,,,4,drone21,77,148,4,730
01:12:15,275.76422,,,4,drone21,77,151,4,735
01:12:20,275.8261,,,4,drone21,77,155,4,740
01:12:25,275.91528,,,4,drone21,76,155,4,745
01:12:30,276.00238,,,3,drone21,74,155,4,750
01:12:35,276.06345,,,3,drone21,71,155,4,755
01:12:40,276.08307,,,4,drone21,67,155,4,760
01:12:45,276.04123,,,3,drone21,63,155,4,765
01:12:50,275.96057,,,3,drone21,59,155,4,770
01:12:55,275.84195,,,4,drone21,56,155,4,775
01:13:00,275.72928,,,3,drone21,52,155,4,780
01:13:05,275.65643,,,3,drone21,48,155,4,785
01:13:10,275.60864,,,4,drone21,44,155,4,790
01:13:15,275.5958,,,3,drone21,41,155,4,795
01:13:20,275.60068,,,3,drone21,39,155,4,800
01:13:25,275.60968,,,3,drone21,39,156,4,805
01:13:30,275.6188,,,3,drone21,39,160,4,810
01:13:35,275.62952,,,4,drone21,39,163,4,815
01:13:40,275.64108,,,3,drone21,40,163,4,820
01:13:45,275.65134,,,3,drone21,42,163,4,825
01:13:50,275.66113,,,3,drone21,46,163,4,830
01:13:55,275.66995,,,3,drone21,50,163,4,835
01:14:00,275.67795,,,3,drone21,53,163,4,840
01:14:05,275.68787,,,4,drone21,57,163,4,845
01:14:10,275.7014,,,3,drone21,61,163,4,850
01:14:15,275.71964,,,3,drone21,65,163,4,855
01:14:20,275.7532,,,4,drone21,68,163,4,860
01:14:25,275.80112,,,3,drone21,72,163,4,865
01:14:30,275.85245,,,3,drone21,75,163,4,870
01:14:35,275.91653,,,3,drone21,77,163,4,875
01:14:40,275.99667,,,3,drone21,77,165,4,880
01:14:45,276.09247,,,4,drone21,77,169,4,885
01:14:50,276.17825,,,3,drone21,77,171,4,890
01:14:55,276.2464,,,4,drone21,76,171,4,895
01:15:00,276.28482,,,3,drone21,73,171,4,900
01:15:05,276.28244,,,3,drone21,69,171,4,905
01:15:10,276.24515,,,4,drone21,65,171,4,910
01:15:15,276.18552,,,3,drone21,62,171,4,915
01:15:20,276.11142,,,4,drone21,58,171,4,920
01:15:25,276.04163,,,3,drone21,54,171,4,925
01:15:30,275.99176,,,4,drone21,50,171,4,930
01:15:35,275.97733,,,3,drone21,47,171,4,935
01:15:40,276.00006,,,3,drone21,43,171,4,940
01:15:45,276.0549,,,4,drone21,40,171,4,945
01:15:50,276.11215,,,3,drone21,39,171,4,950
01:15:55,276.13397,,,4,drone21,40,169,4,955
01:16:00,276.0955,,,3,drone21,42,166,4,960
01:16:05,276.0093,,,3,drone21,44,163,4,965
01:16:10,275.8801,,,4,drone21,47,160,4,970
01:16:15,275.77274,,,3,drone21,49,157,4,975
01:16:20,275.733,,,3,drone21,51,154,4,980
01:16:25,275.7568,,,4,drone21,53,151,4,985
01:16:30,275.83118,,,3,drone21,55,148,4,990
01:16:35,275.9224,,,4,drone21,57,145,4,995
01:16:40,275.9932,,,3,drone21,57,145,4,1000
01:16:45,276.02267,,,4,drone21,57,145,4,1005
01:16:50,276.01047,,,3,drone21,57,145,4,1010
01:16:55,275.9619,,,4,drone21,57,145,4,1015
01:17:00,275.89572,,,3,drone21,57,145,4,1020
01:17:05,275.83975,,,3,drone21,57,145,4,1025
01:17:10,275.789,,,4,drone21,57,145,4,1030
01:17:15,275.75037,,,4,drone21,57,145,4,1035
01:17:20,275.7301,,,3,drone21,57,145,4,1040
01:17:25,275.7169,,,4,drone21,57,145,4,1045
01:17:30,275.70187,,,4,drone21,57,145,4,1050
01:17:35,275.68588,,,3,drone21,57,145,4,1055
01:17:40,275.66745,,,4,drone21,57,145,4,1060
01:17:45,275.6504,,,3,drone21,57,145,4,1065
01:17:50,275.63907,,,4,drone21,57,145,4,1070
01:17:55,275.63675,,,4,drone21,57,145,4,1075
01:18:00,275.6472,,,4,drone21,57,145,4,1080
01:18:05,275.6721,,,4,drone21,57,145,4,1085
01:18:10,275.72308,,,5,drone21,57,145,4,1090
01:18:15,275.79904,,,4,drone21,57,145,4,1095
01:18:20,275.87488,,,3,drone21,57,145,4,1100
01:18:25,275.96176,,,4,drone21,57,145,4,1105
01:18:30,276.0473,,,3,drone21,57,145,4,1110
01:18:35,276.10852,,,3,drone21,57,145,4,1115
01:18:40,276.16064,,,4,drone21,57,145,4,1120
01:18:45,276.19138,,,3,drone21,57,145,4,1125
01:18:50,276.2002,,,3,drone21,57,145,4,1130
01:18:55,276.19443,,,4,drone21,57,145,4,1135
01:19:00,276.17746,,,3,drone21,57,145,4,1140
01:19:05,276.158,,,3,drone21,57,145,4,1145
01:19:10,276.13406,,,4,drone21,57,145,4,1150
01:19:15,276.11304,,,3,drone21,57,145,4,1155
01:19:20,276.0994,,,3,drone21,57,145,4,1160
01:19:25,276.09085,,,3,drone21,57,145,4,1165
01:19:30,276.0871,,,4,drone21,57,145,4,1170
01:19:35,276.08783,,,4,drone21,57,145,4,1175
01:19:40,276.09183,,,4,drone21,57,145,4,1180
01:19:45,276.0973,,,4,drone21,57,145,4,1185
01:19:50,276.10284,,,4,drone21,57,145,5,1190
01:19:55,276.1072,,,3,drone21,57,145,5,1195
01:20:00,276.11078,,,4,drone21,57,145,5,1200
01:20:05,276.11328,,,3,drone21,57,145,5,1205
01:20:10,276.11487,,,4,drone21,57,145,5,1210
01:20:15,276.116,,,3,drone21,57,145,5,1215
01:20:20,276.11697,,,3,drone21,57,145,5,1220
01:20:25,276.11807,,,3,drone21,57,145,5,1225
01:20:30,276.11975,,,4,drone21,57,145,5,1230
01:20:35,276.12173,,,3,drone21,57,145,5,1235
01:20:40,276.1237,,,3,drone21,57,145,5,1240
01:20:45,276.12552,,,3,drone21,57,145,5,1245
01:20:50,276.12723,,,3,drone21,57,145,5,1250
01:20:55,276.12866,,,3,drone21,57,145,5,1255
01:21:00,276.12997,,,3,drone21,57,145,5,1260
01:21:05,276.13104,,,3,drone21,57,145,5,1265
01:21:10,276.13208,,,4,drone21,57,145,5,1270
01:21:15,276.13303,,,3,drone21,57,145,5,1275
01:21:20,276.13394,,,3,drone21,57,145,5,1280
01:21:25,276.13513,,,3,drone21,57,145,5,1285
01:21:30,276.13675,,,3,drone21,57,145,5,1290
01:21:35,276.13892,,,3,drone21,57,145,5,1295
01:21:40,276.1417,,,3,drone21,57,145,5,1300
01:21:45,276.14517,,,3,drone21,57,145,5,1305
01:21:50,276.1497,,,3,drone21,57,145,5,1310
01:21:55,276.1563,,,4,drone21,57,145,5,1315
01:22:00,276.16415,,,3,drone21,57,145,5,1320
01:22:05,276.1716,,,3,drone21,57,145,5,1325
01:22:10,276.1794,,,3,drone21,57,145,5,1330
01:22:15,276.18738,,,3,drone21,57,145,5,1335
01:22:20,276.1951,,,3,drone21,57,145,5,1340
01:22:25,276.20383,,,4,drone21,57,145,5,1345
01:22:30,276.21207,,,3,drone21,57,145,5,1350
01:22:35,276.2184,,,3,drone21,57,145,5,1355
01:22:40,276.22388,,,3,drone21,57,145,5,1360
01:22:45,276.22858,,,4,drone21,57,145,5,1365
01:22:50,276.23157,,,3,drone21,57,145,5,1370
01:22:55,276.23267,,,3,drone21,57,145,5,1375
01:23:00,276.2322,,,4,drone21,57,145,6,1380
01:23:05,276.23007,,,3,drone21,57,145,7,1385
01:23:10,276.22714,,,3,drone21,57,145,8,1390
01:23:15,276.2238,,,3,drone21,57,145,8,1395
01:23:20,276.22052,,,4,drone21,57,145,9,1400
01:23:25,276.21964,,,3,drone21,57,145,9,1405
01:23:30,276.22296,,,3,drone21,57,145,9,1410
01:23:35,276.2315,,,3,drone21,57,145,9,1415
01:23:40,276.25012,,,4,drone21,57,145,9,1420
01:23:45,276.27832,,,3,drone21,57,145,9,1425
01:23:50,276.30832,,,3,drone21,57,145,9,1430
01:23:55,276.34213,,,4,drone21,57,145,9,1435
01:24:00,276.36365,,,3,drone21,57,145,9,1440
01:24:05,276.36124,,,3,drone21,57,145,9,1445
01:24:10,276.32593,,,4,drone21,57,145,9,1450
01:24:15,276.25977,,,3,drone21,57,145,9,1455
01:24:20,276.18625,,,3,drone21,57,145,9,1460
01:24:25,276.0995,,,4,drone21,57,145,9,1465
01:24:30,276.03244,,,3,drone21,57,145,9,1470
01:24:35,276.0099,,,4,drone21,57,145,9,1475
01:24:40,276.04092,,,3,drone21,57,145,9,1480
01:24:45,276.1066,,,3,drone21,57,145,9,1485
01:24:50,276.19052,,,4,drone21,57,145,9,1490
01:24:55,276.24094,,,3,drone21,57,145,9,1495
01:25:00,276.23267,,,4,drone21,57,145,9,1500
01:00:05,275.81186,,,3,drone23,70,146,5,5
01:00:10,275.85455,,,4,drone23,70,150,5,10
01:00:15,275.91306,,,3,drone23,70,153,5,15
01:00:20,275.96274,,,3,drone23,70,157,5,20
01:00:25,276.00107,,,3,drone23,70,161,5,25
01:00:30,276.0221,,,3,drone23,70,165,5,30
01:00:35,276.02954,,,3,drone23,70,169,5,35
01:00:40,276.03098,,,4,drone23,70,172,5,40
01:00:45,276.03506,,,3,drone23,70,173,5,45
01:00:50,276.046,,,3,drone23,68,173,5,50
01:00:55,276.06296,,,3,drone23,64,173,5,55
01:01:00,276.08154,,,4,drone23,62,173,5,60
01:01:05,276.07944,,,3,drone23,62,172,5,65
01:01:10,276.0216,,,4,drone23,62,169,5,70
01:01:15,275.88342,,,3,drone23,62,165,5,75
01:01:20,275.71265,,,3,drone23,62,161,5,80
01:01:25,275.56503,,,3,drone23,62,158,5,85
01:01:30,275.49588,,,3,drone23,62,154,5,90
01:01:35,275.50674,,,3,drone23,62,150,5,95
01:01:40,275.55612,,,3,drone23,62,146,5,100
01:01:45,275.59888,,,3,drone23,62,143,5,105
01:01:50,275.61475,,,3,drone23,62,139,5,110
01:01:55,275.60886,,,3,drone23,62,135,5,115
01:02:00,275.5957,,,3,drone23,62,131,5,120
01:02:05,275.58673,,,3,drone23,62,128,5,125
01:02:10,275.58966,,,4,drone23,62,124,5,130
01:02:15,275.6078,,,3,drone23,62,120,5,135
01:02:20,275.63727,,,3,drone23,62,116,5,140
01:02:25,275.67612,,,3,drone23,62,114,5,145
01:02:30,275.70627,,,3,drone23,62,113,5,150
01:02:35,275.7032,,,4,drone23,59,113,5,155
01:02:40,275.66776,,,3,drone23,56,113,5,160
01:02:45,275.64322,,,3,drone23,54,113,5,165
01:02:50,275.6682,,,3,drone23,54,114,5,170
01:02:55,275.75204,,,3,drone23,54,118,5,175
01:03:00,275.8399,,,3,drone23,54,121,5,180
01:03:05,275.8622,,,3,drone23,54,125,5,185
01:03:10,275.8107,,,3,drone23,54,129,5,190
01:03:15,275.75052,,,3,drone23,54,133,5,195
01:03:20,275.74387,,,3,drone23,54,136,5,200
01:03:25,275.7919,,,3,drone23,54,140,5,205
01:03:30,275.8671,,,3,drone23,54,144,5,210
01:03:35,275.95435,,,3,drone23,54,148,5,215
01:03:40,276.05975,,,4,drone23,54,151,5,220
01:03:45,276.14648,,,3,drone23,54,155,5,225
01:03:50,276.17935,,,3,drone23,54,159,5,230
01:03:55,276.16006,,,3,drone23,54,163,5,235
01:04:00,276.08456,,,4,drone23,54,167,5,240
01:04:05,275.9965,,,3,drone23,54,170,5,245
01:04:10,275.93845,,,4,drone23,54,173,5,250
01:04:15,275.92435,,,3,drone23,53,173,5,255
01:04:20,275.9307,,,3,drone23,50,173,5,260
01:04:25,275.90552,,,4,drone23,47,173,5,265
01:04:30,275.8175,,,3,drone23,46,173,5,270
01:04:35,275.7018,,,3,drone23,46,171,5,275
01:04:40,275.59354,,,3,drone23,46,167,5,280
01:04:45,275.53262,,,3,drone23,46,164,5,285
01:04:50,275.53625,,,3,drone23,46,160,5,290
01:04:55,275.6031,,,4,drone23,46,156,5,295
01:05:00,275.68704,,,3,drone23,46,152,5,300
01:05:05,275.7503,,,3,drone23,46,149,5,305
01:05:10,275.81442,,,3,drone23,46,145,5,310
01:05:15,275.89746,,,3,drone23,46,141,5,315
01:05:20,276.0001,,,3,drone23,46,137,5,320
01:05:25,276.11365,,,4,drone23,46,134,5,325
01:05:30,276.19626,,,3,drone23,46,130,5,330
01:05:35,276.25208,,,4,drone23,46,126,5,335
01:05:40,276.29395,,,3,drone23,46,122,5,340
01:05:45,276.32108,,,3,drone23,46,118,5,345
01:05:50,276.33292,,,3,drone23,46,115,5,350
01:05:55,276.31784,,,3,drone23,46,113,5,355
01:06:00,276.26566,,,3,drone23,45,113,5,360
01:06:05,276.17337,,,3,drone23,42,114,5,365
01:06:10,276.05612,,,3,drone23,40,115,5,370
01:06:15,275.94943,,,3,drone23,40,115,5,375
01:06:20,275.8848,,,3,drone23,43,115,5,380
01:06:25,275.87088,,,3,drone23,47,115,5,385
01:06:30,275.90372,,,4,drone23,50,115,5,390
01:06:35,275.96384,,,3,drone23,54,115,5,395
01:06:40,276.0176,,,3,drone23,58,115,5,400
01:06:45,276.03967,,,3,drone23,62,115,5,405
01:06:50,275.9884,,,3,drone23,65,115,5,410
01:06:55,275.85495,,,3,drone23,69,115,5,415
01:07:00,275.69708,,,3,drone23,73,115,5,420
01:07:05,275.59488,,,3,drone23,76,115,5,425
01:07:10,275.58035,,,4,drone23,77,115,5,430
01:07:15,275.60388,,,3,drone23,78,117,5,435
01:07:20,275.6002,,,3,drone23,78,121,5,440
01:07:25,275.5718,,,3,drone23,77,123,5,445
01:07:30,275.53604,,,3,drone23,77,123,5,450
01:07:35,275.5132,,,3,drone23,74,123,5,455
01:07:40,275.51236,,,3,drone23,70,123,5,460
01:07:45,275.5256,,,3,drone23,66,123,5,465
01:07:50,275.53986,,,3,drone23,62,123,5,470
01:07:55,275.5515,,,4,drone23,59,123,5,475
01:08:00,275.56033,,,3,drone23,55,123,5,480
01:08:05,275.56873,,,3,drone23,51,123,5,485
01:08:10,275.57907,,,3,drone23,47,123,5,490
01:08:15,275.5912,,,4,drone23,44,123,5,495
01:08:20,275.599,,,3,drone23,40,123,5,500
01:08:25,275.5994,,,3,drone23,39,123,5,505
01:08:30,275.5932,,,4,drone23,39,125,5,510
01:08:35,275.5845,,,3,drone23,39,129,5,515
01:08:40,275.578,,,4,drone23,39,131,5,520
01:08:45,275.5758,,,4,drone23,40,131,5,525
01:08:50,275.57816,,,4,drone23,44,131,5,530
01:08:55,275.58224,,,3,drone23,47,131,5,535
01:09:00,275.5867,,,4,drone23,51,131,5,540
01:09:05,275.59036,,,3,drone23,55,131,5,545
01:09:10,275.59283,,,4,drone23,59,131,5,550
01:09:15,275.5944,,,4,drone23,62,131,5,555
01:09:20,275.5947,,,3,drone23,66,131,5,560
01:09:25,275.59393,,,4,drone23,70,131,5,565
01:09:30,275.59244,,,3,drone23,74,131,5,570
01:09:35,275.5906,,,4,drone23,76,131,5,575
01:09:40,275.58887,,,3,drone23,77,131,5,580
01:09:45,275.58746,,,4,drone23,77,134,5,585
01:09:50,275.58652,,,3,drone23,77,138,5,590
01:09:55,275.58615,,,3,drone23,77,139,5,595
01:10:00,275.5862,,,3,drone23,76,139,5,600
01:10:05,275.5869,,,4,drone23,72,139,5,605
01:10:10,275.58838,,,3,drone23,69,139,5,610
01:10:15,275.59012,,,3,drone23,65,139,5,615
01:10:20,275.59195,,,3,drone23,61,139,5,620
01:10:25,275.59332,,,4,drone23,57,139,5,625
01:10:30,275.59277,,,3,drone23,54,139,5,630
01:10:35,275.58994,,,3,drone23,50,139,5,635
01:10:40,275.58447,,,4,drone23,46,139,5,640
01:10:45,275.58133,,,3,drone23,42,139,5,645
01:10:50,275.59296,,,4,drone23,40,139,5,650
01:10:55,275.6351,,,3,drone23,39,139,5,655
01:11:00,275.72888,,,4,drone23,39,142,5,660
01:11:05,275.8651,,,3,drone23,39,146,5,665
01:11:10,276.0073,,,4,drone23,39,147,5,670
01:11:15,276.09375,,,3,drone23,41,147,5,675
01:11:20,276.0493,,,4,drone23,44,147,5,680
01:11:25,275.88416,,,3,drone23,48,147,5,685
01:11:30,275.70862,,,3,drone23,52,147,5,690
01:11:35,275.57666,,,4,drone23,56,147,5,695
01:11:40,275.5515,,,3,drone23,59,147,5,700
01:11:45,275.58276,,,3,drone23,63,147,5,705
01:11:50,275.60883,,,4,drone23,67,147,5,710
01:11:55,275.60205,,,3,drone23,71,147,5,715
01:12:00,275.58026,,,4,drone23,74,147,5,720
01:12:05,275.56503,,,3,drone23,77,147,5,725
01:12:10,275.5611,,,4,drone23,77,148,5,730
01:12:15,275.56778,,,4,drone23,77,151,5,735
01:12:20,275.58612,,,4,drone23,77,154,5,740
01:12:25,275.61807,,,4,drone23,77,155,5,745
01:12:30,275.65482,,,3,drone23,75,155,5,750
01:12:35,275.68286,,,3,drone23,71,155,5,755
01:12:40,275.69064,,,4,drone23,67,155,5,760
01:12:45,275.66806,,,3,drone23,64,155,5,765
01:12:50,275.63028,,,3,drone23,60,155,5,770
01:12:55,275.58545,,,4,drone23,56,155,5,775
01:13:00,275.55862,,,3,drone23,52,155,5,780
01:13:05,275.55624,,,3,drone23,48,155,5,785
01:13:10,275.56946,,,4,drone23,45,155,5,790
01:13:15,275.5862,,,3,drone23,41,155,5,795
01:13:20,275.59702,,,3,drone23,39,155,5,800
01:13:25,275.60458,,,3,drone23,39,156,5,805
01:13:30,275.61166,,,3,drone23,39,159,5,810
01:13:35,275.6215,,,4,drone23,39,163,5,815
01:13:40,275.63263,,,3,drone23,39,163,5,820
01:13:45,275.64212,,,3,drone23,42,163,5,825
01:13:50,275.65036,,,3,drone23,45,163,5,830
01:13:55,275.6565,,,3,drone23,49,163,5,835
01:14:00,275.66,,,3,drone23,53,163,5,840
01:14:05,275.66183,,,4,drone23,57,163,5,845
01:14:10,275.66452,,,3,drone23,60,163,5,850
01:14:15,275.66998,,,3,drone23,64,163,5,855
01:14:20,275.67853,,,4,drone23,68,163,5,860
01:14:25,275.6849,,,3,drone23,72,163,5,865
01:14:30,275.6886,,,3,drone23,75,163,5,870
01:14:35,275.69727,,,3,drone23,77,163,5,875
01:14:40,275.72037,,,3,drone23,77,165,5,880
01:14:45,275.77014,,,4,drone23,77,168,5,885
01:14:50,275.8361,,,3,drone23,77,171,5,890
01:14:55,275.90643,,,4,drone23,76,171,5,895
01:15:00,275.95834,,,3,drone23,73,171,5,900
01:15:05,275.96912,,,3,drone23,69,171,5,905
01:15:10,275.94565,,,4,drone23,66,171,5,910
01:15:15,275.89883,,,3,drone23,62,171,5,915
01:15:20,275.83627,,,4,drone23,58,171,5,920
01:15:25,275.774,,,3,drone23,54,171,5,925
01:15:30,275.72504,,,4,drone23,51,171,5,930
01:15:35,275.70566,,,3,drone23,47,171,5,935
01:15:40,275.72342,,,3,drone23,43,171,5,940
01:15:45,275.7807,,,4,drone23,40,171,5,945
01:15:50,275.8569,,,3,drone23,39,171,5,950
01:15:55,275.91913,,,4,drone23,40,169,5,955
01:16:00,275.93253,,,3,drone23,41,166,5,960
01:16:05,275.8867,,,3,drone23,42,162,5,965
01:16:10,275.7887,,,4,drone23,44,159,4,970
01:16:15,275.7012,,,3,drone23,45,155,4,975
01:16:20,275.67545,,,3,drone23,46,152,4,980
01:16:25,275.70914,,,4,drone23,48,148,4,985
01:16:30,275.77853,,,3,drone23,49,145,4,990
01:16:35,275.84985,,,4,drone23,51,141,4,995
01:16:40,275.89813,,,3,drone23,52,138,4,1000
01:16:45,275.9075,,,4,drone23,53,134,4,1005
01:16:50,275.87717,,,3,drone23,55,131,4,1010
01:16:55,275.81363,,,4,drone23,56,127,4,1015
01:17:00,275.73868,,,3,drone23,57,125,4,1020
01:17:05,275.68503,,,3,drone23,57,125,4,1025
01:17:10,275.64893,,,4,drone23,57,125,4,1030
01:17:15,275.63544,,,4,drone23,57,125,4,1035
01:17:20,275.6365,,,3,drone23,57,125,4,1040
01:17:25,275.6362,,,4,drone23,57,125,4,1045
01:17:30,275.62756,,,4,drone23,57,125,4,1050
01:17:35,275.61588,,,3,drone23,57,125,4,1055
01:17:40,275.60602,,,4,drone23,57,125,4,1060
01:17:45,275.60056,,,3,drone23,57,125,4,1065
01:17:50,275.5994,,,4,drone23,57,125,4,1070
01:17:55,275.602,,,4,drone23,57,125,4,1075
01:18:00,275.60928,,,4,drone23,57,125,4,1080
01:18:05,275.62238,,,4,drone23,57,125,4,1085
01:18:10,275.64688,,,5,drone23,57,125,4,1090
01:18:15,275.6855,,,4,drone23,57,125,4,1095
01:18:20,275.72913,,,3,drone23,57,125,4,1100
01:18:25,275.7891,,,4,drone23,57,125,4,1105
01:18:30,275.86063,,,3,drone23,57,125,4,1110
01:18:35,275.9233,,,3,drone23,57,125,4,1115
01:18:40,275.98993,,,4,drone23,57,125,4,1120
01:18:45,276.0426,,,3,drone23,57,125,4,1125
01:18:50,276.07144,,,3,drone23,57,125,4,1130
01:18:55,276.08524,,,4,drone23,57,125,4,1135
01:19:00,276.0812,,,3,drone23,57,125,4,1140
01:19:05,276.06604,,,3,drone23,57,125,4,1145
01:19:10,276.03998,,,4,drone23,57,125,4,1150
01:19:15,276.01147,,,3,drone23,57,125,4,1155
01:19:20,275.98898,,,3,drone23,57,125,4,1160
01:19:25,275.9717,,,3,drone23,57,125,4,1165
01:19:30,275.96054,,,4,drone23,57,125,4,1170
01:19:35,275.95682,,,4,drone23,57,125,4,1175
01:19:40,275.9603,,,4,drone23,57,125,4,1180
01:19:45,275.9688,,,4,drone23,57,125,4,1185
01:19:50,275.98013,,,4,drone23,57,125,4,1190
01:19:55,275.99112,,,3,drone23,57,125,4,1195
01:20:00,276.0023,,,4,drone23,57,125,4,1200
01:20:05,276.0122,,,3,drone23,57,125,4,1205
01:20:10,276.01978,,,4,drone23,57,125,4,1210
01:20:15,276.02548,,,3,drone23,57,125,5,1215
01:20:20,276.02914,,,3,drone23,57,125,5,1220
01:20:25,276.03186,,,3,drone23,57,125,5,1225
01:20:30,276.03433,,,4,drone23,57,125,5,1230
01:20:35,276.03632,,,3,drone23,57,125,5,1235
01:20:40,276.03775,,,3,drone23,57,125,5,1240
01:20:45,276.039,,,3,drone23,57,125,5,1245
01:20:50,276.03995,,,3,drone23,57,125,5,1250
01:20:55,276.04056,,,3,drone23,57,125,5,1255
01:21:00,276.04086,,,3,drone23,57,125,5,1260
01:21:05,276.0409,,,3,drone23,57,125,5,1265
01:21:10,276.04065,,,4,drone23,57,125,5,1270
01:21:15,276.0403,,,3,drone23,57,125,5,1275
01:21:20,276.04013,,,3,drone23,57,125,5,1280
01:21:25,276.0403,,,3,drone23,57,125,5,1285
01:21:30,276.04095,,,3,drone23,57,125,5,1290
01:21:35,276.04208,,,3,drone23,57,125,5,1295
01:21:40,276.0433,,,3,drone23,57,125,5,1300
01:21:45,276.04404,,,3,drone23,57,125,5,1305
01:21:50,276.04382,,,3,drone23,57,125,5,1310
01:21:55,276.04224,,,4,drone23,57,125,5,1315
01:22:00,276.03973,,,3,drone23,57,125,5,1320
01:22:05,276.03763,,,3,drone23,57,125,5,1325
01:22:10,276.03613,,,3,drone23,57,125,5,1330
01:22:15,276.0355,,,3,drone23,57,125,5,1335
01:22:20,276.03564,,,3,drone23,57,125,5,1340
01:22:25,276.03653,,,4,drone23,57,125,5,1345
01:22:30,276.03763,,,3,drone23,57,125,5,1350
01:22:35,276.03836,,,3,drone23,57,125,5,1355
01:22:40,276.0385,,,3,drone23,57,125,5,1360
01:22:45,276.0376,,,4,drone23,57,125,5,1365
01:22:50,276.0353,,,3,drone23,57,125,5,1370
01:22:55,276.03183,,,3,drone23,57,125,5,1375
01:23:00,276.02542,,,4,drone23,57,125,5,1380
01:23:05,276.0167,,,3,drone23,57,125,5,1385
01:23:10,276.00754,,,3,drone23,57,125,5,1390
01:23:15,275.9972,,,3,drone23,57,125,5,1395
01:23:20,275.98438,,,4,drone23,57,125,5,1400
01:23:25,275.97202,,,3,drone23,57,125,6,1405
01:23:30,275.96332,,,3,drone23,57,125,7,1410
01:23:35,275.95816,,,3,drone23,57,125,8,1415
01:23:40,275.95953,,,4,drone23,57,125,8,1420
01:23:45,275.9717,,,3,drone23,57,125,9,1425
01:23:50,275.99368,,,3,drone23,57,125,9,1430
01:23:55,276.03137,,,4,drone23,57,125,9,1435
01:24:00,276.07333,,,3,drone23,57,125,9,1440
01:24:05,276.10056,,,3,drone23,57,125,9,1445
01:24:10,276.105,,,4,drone23,57,125,9,1450
01:24:15,276.07687,,,3,drone23,57,125,9,1455
01:24:20,276.036,,,3,drone23,57,125,9,1460
01:24:25,275.99945,,,4,drone23,57,125,9,1465
01:24:30,275.9956,,,3,drone23,57,125,9,1470
01:24:35,276.02438,,,4,drone23,57,125,9,1475
01:24:40,276.06,,,3,drone23,57,125,9,1480
01:24:45,276.0807,,,3,drone23,57,125,9,1485
01:24:50,276.08624,,,4,drone23,57,125,9,1490
01:24:55,276.06668,,,3,drone23,57,125,9,1495
01:25:00,276.0186,,,4,drone23,57,125,9,1500
01:00:05,275.65256,,,3,drone25,70,144,9,5
01:00:10,275.71405,,,4,drone25,70,148,9,10
01:00:15,275.75742,,,3,drone25,70,152,9,15
01:00:20,275.76437,,,3,drone25,70,156,9,20
01:00:25,275.73227,,,3,drone25,70,159,9,25
01:00:30,275.66873,,,3,drone25,70,163,9,30
01:00:35,275.5975,,,3,drone25,70,167,9,35
01:00:40,275.53506,,,4,drone25,70,171,9,40
01:00:45,275.50415,,,3,drone25,70,172,9,45
01:00:50,275.4987,,,3,drone25,69,173,9,50
01:00:55,275.50412,,,3,drone25,66,173,9,55
01:01:00,275.51816,,,4,drone25,63,173,9,60
01:01:05,275.53543,,,3,drone25,62,172,9,65
01:01:10,275.55103,,,4,drone25,62,170,9,70
01:01:15,275.55978,,,3,drone25,62,167,9,75
01:01:20,275.55905,,,3,drone25,62,163,9,80
01:01:25,275.55383,,,3,drone25,62,159,9,85
01:01:30,275.54956,,,3,drone25,62,155,9,90
01:01:35,275.54935,,,3,drone25,62,152,9,95
01:01:40,275.55307,,,3,drone25,62,148,9,100
01:01:45,275.5593,,,3,drone25,62,144,9,105
01:01:50,275.56924,,,3,drone25,62,140,9,110
01:01:55,275.58792,,,3,drone25,62,137,9,115
01:02:00,275.61264,,,3,drone25,62,133,9,120
01:02:05,275.629,,,3,drone25,62,129,9,125
01:02:10,275.62567,,,4,drone25,62,125,9,130
01:02:15,275.61057,,,3,drone25,62,122,9,135
01:02:20,275.59766,,,3,drone25,62,118,9,140
01:02:25,275.59708,,,3,drone25,62,114,9,145
01:02:30,275.62723,,,3,drone25,62,113,9,150
01:02:35,275.68164,,,4,drone25,61,113,9,155
01:02:40,275.7067,,,3,drone25,57,113,9,160
01:02:45,275.68542,,,3,drone25,55,113,9,165
01:02:50,275.64944,,,3,drone25,54,114,9,170
01:02:55,275.63437,,,3,drone25,54,116,9,175
01:03:00,275.63657,,,3,drone25,54,120,9,180
01:03:05,275.63345,,,3,drone25,54,124,9,185
01:03:10,275.62268,,,3,drone25,54,127,9,190
01:03:15,275.6213,,,3,drone25,54,131,9,195
01:03:20,275.6426,,,3,drone25,54,135,9,200
01:03:25,275.68103,,,3,drone25,54,139,9,205
01:03:30,275.71732,,,3,drone25,54,142,9,210
01:03:35,275.73447,,,3,drone25,54,146,9,215
01:03:40,275.72287,,,4,drone25,54,150,9,220
01:03:45,275.6891,,,3,drone25,54,154,9,225
01:03:50,275.6581,,,3,drone25,54,157,9,230
01:03:55,275.64297,,,3,drone25,54,161,9,235
01:04:00,275.6584,,,4,drone25,54,165,9,240
01:04:05,275.699,,,3,drone25,54,169,9,245
01:04:10,275.73566,,,4,drone25,54,172,9,250
01:04:15,275.73505,,,3,drone25,54,173,9,255
01:04:20,275.70047,,,3,drone25,52,173,9,260
01:04:25,275.67203,,,4,drone25,48,173,9,265
01:04:30,275.70728,,,3,drone25,46,173,9,270
01:04:35,275.78333,,,3,drone25,46,172,9,275
01:04:40,275.85092,,,3,drone25,46,169,9,280
01:04:45,275.8909,,,3,drone25,46,165,9,285
01:04:50,275.92142,,,3,drone25,46,162,9,290
01:04:55,275.9766,,,4,drone25,46,158,9,295
01:05:00,276.05923,,,3,drone25,46,154,9,300
01:05:05,276.1328,,,3,drone25,46,150,9,305
01:05:10,276.1753,,,3,drone25,46,147,9,310
01:05:15,276.16626,,,3,drone25,46,143,9,315
01:05:20,276.11545,,,3,drone25,46,139,9,320
01:05:25,276.0545,,,4,drone25,46,135,9,325
01:05:30,276.0287,,,3,drone25,46,132,9,330
01:05:35,276.0338,,,4,drone25,46,128,9,335
01:05:40,276.03152,,,3,drone25,46,124,9,340
01:05:45,275.98184,,,3,drone25,46,120,9,345
01:05:50,275.87854,,,3,drone25,46,116,9,350
01:05:55,275.75613,,,3,drone25,46,114,9,355
01:06:00,275.6558,,,3,drone25,46,113,9,360
01:06:05,275.59335,,,3,drone25,44,114,9,365
01:06:10,275.57117,,,3,drone25,41,115,9,370
01:06:15,275.58957,,,3,drone25,40,115,9,375
01:06:20,275.63467,,,3,drone25,41,115,9,380
01:06:25,275.6763,,,3,drone25,44,115,9,385
01:06:30,275.69357,,,4,drone25,48,115,9,390
01:06:35,275.69174,,,3,drone25,52,115,9,395
01:06:40,275.69412,,,3,drone25,56,115,9,400
01:06:45,275.70322,,,3,drone25,60,115,9,405
01:06:50,275.70474,,,3,drone25,63,115,9,410
01:06:55,275.68167,,,3,drone25,67,115,9,415
01:07:00,275.63815,,,3,drone25,71,115,9,420
01:07:05,275.5967,,,3,drone25,74,115,9,425
01:07:10,275.5715,,,4,drone25,77,115,9,430
01:07:15,275.56885,,,3,drone25,78,116,9,435
01:07:20,275.578,,,3,drone25,78,118,9,440
01:07:25,275.591,,,3,drone25,78,122,9,445
01:07:30,275.60376,,,3,drone25,77,123,9,450
01:07:35,275.6127,,,3,drone25,76,123,9,455
01:07:40,275.61548,,,3,drone25,72,123,9,460
01:07:45,275.6122,,,3,drone25,68,123,9,465
01:07:50,275.60522,,,3,drone25,65,123,9,470
01:07:55,275.59427,,,4,drone25,61,123,9,475
01:08:00,275.58243,,,3,drone25,57,123,9,480
01:08:05,275.5743,,,3,drone25,53,123,9,485
01:08:10,275.56985,,,3,drone25,50,123,9,490
01:08:15,275.5688,,,4,drone25,46,123,9,495
01:08:20,275.56943,,,3,drone25,42,123,9,500
01:08:25,275.56946,,,3,drone25,40,123,9,505
01:08:30,275.56744,,,4,drone25,39,123,9,510
01:08:35,275.5632,,,3,drone25,39,126,9,515
01:08:40,275.55743,,,4,drone25,39,130,9,520
01:08:45,275.55124,,,4,drone25,40,131,9,525
01:08:50,275.54718,,,4,drone25,41,131,9,530
01:08:55,275.54605,,,3,drone25,45,131,9,535
01:09:00,275.5479,,,4,drone25,49,131,9,540
01:09:05,275.55246,,,3,drone25,52,131,9,545
01:09:10,275.55923,,,4,drone25,56,131,9,550
01:09:15,275.56934,,,4,drone25,60,131,9,555
01:09:20,275.5809,,,3,drone25,64,131,9,560
01:09:25,275.59482,,,4,drone25,67,131,9,565
01:09:30,275.61026,,,3,drone25,71,131,9,570
01:09:35,275.62543,,,4,drone25,75,131,9,575
01:09:40,275.63797,,,3,drone25,77,131,9,580
01:09:45,275.64517,,,4,drone25,77,132,9,585
01:09:50,275.6468,,,3,drone25,77,135,9,590
01:09:55,275.6442,,,3,drone25,77,138,9,595
01:10:00,275.63968,,,3,drone25,77,139,9,600
01:10:05,275.63373,,,4,drone25,75,139,9,605
01:10:10,275.6289,,,3,drone25,71,139,9,610
01:10:15,275.62704,,,3,drone25,68,139,9,615
01:10:20,275.62894,,,3,drone25,64,139,9,620
01:10:25,275.63895,,,4,drone25,60,139,9,625
01:10:30,275.66006,,,3,drone25,56,139,9,630
01:10:35,275.69214,,,3,drone25,53,139,9,635
01:10:40,275.7535,,,4,drone25,49,139,9,640
01:10:45,275.83945,,,3,drone25,45,139,9,645
01:10:50,275.9301,,,4,drone25,41,139,9,650
01:10:55,275.98727,,,3,drone25,40,139,9,655
01:11:00,275.98157,,,4,drone25,39,140,9,660
01:11:05,275.9271,,,3,drone25,39,143,9,665
01:11:10,275.84415,,,4,drone25,39,146,9,670
01:11:15,275.75003,,,3,drone25,40,147,9,675
01:11:20,275.66272,,,4,drone25,42,147,9,680
01:11:25,275.6059,,,3,drone25,45,147,9,685
01:11:30,275.59164,,,3,drone25,49,147,9,690
01:11:35,275.60272,,,4,drone25,53,147,9,695
01:11:40,275.6213,,,3,drone25,57,147,9,700
01:11:45,275.6325,,,3,drone25,60,147,9,705
01:11:50,275.6377,,,4,drone25,64,147,9,710
01:11:55,275.63956,,,3,drone25,68,147,9,715
01:12:00,275.64185,,,4,drone25,72,147,9,720
01:12:05,275.64392,,,3,drone25,75,147,9,725
01:12:10,275.6438,,,4,drone25,77,147,9,730
01:12:15,275.64026,,,4,drone25,77,149,9,735
01:12:20,275.63446,,,4,drone25,77,152,9,740
01:12:25,275.6279,,,4,drone25,77,155,9,745
01:12:30,275.62155,,,3,drone25,76,155,9,750
01:12:35,275.6151,,,3,drone25,74,155,9,755
01:12:40,275.6079,,,4,drone25,70,155,9,760
01:12:45,275.6035,,,3,drone25,66,155,9,765
01:12:50,275.6049,,,3,drone25,63,155,9,770
01:12:55,275.62015,,,4,drone25,59,155,9,775
01:13:00,275.6561,,,3,drone25,55,155,9,780
01:13:05,275.69305,,,3,drone25,51,155,9,785
01:13:10,275.7117,,,4,drone25,48,155,9,790
01:13:15,275.702,,,3,drone25,44,155,9,795
01:13:20,275.6871,,,3,drone25,41,155,9,800
01:13:25,275.68045,,,3,drone25,39,155,9,805
01:13:30,275.68515,,,3,drone25,39,157,9,810
01:13:35,275.70062,,,4,drone25,39,160,9,815
01:13:40,275.717,,,3,drone25,39,163,9,820
01:13:45,275.72302,,,3,drone25,40,163,9,825
01:13:50,275.71878,,,3,drone25,42,163,9,830
01:13:55,275.70767,,,3,drone25,46,163,9,835
01:14:00,275.69492,,,3,drone25,50,163,9,840
01:14:05,275.6836,,,4,drone25,54,163,9,845
01:14:10,275.67883,,,3,drone25,57,163,9,850
01:14:15,275.68103,,,3,drone25,61,163,9,855
01:14:20,275.69073,,,4,drone25,65,163,9,860
01:14:25,275.7061,,,3,drone25,69,163,9,865
01:14:30,275.72058,,,3,drone25,72,163,9,870
01:14:35,275.7336,,,3,drone25,76,163,9,875
01:14:40,275.7428,,,3,drone25,77,163,9,880
01:14:45,275.7467,,,4,drone25,77,165,9,885
01:14:50,275.74435,,,3,drone25,77,169,9,890
01:14:55,275.73483,,,4,drone25,77,171,9,895
01:15:00,275.71738,,,3,drone25,76,171,9,900
01:15:05,275.69754,,,3,drone25,73,171,9,905
01:15:10,275.676,,,4,drone25,69,171,9,910
01:15:15,275.66098,,,3,drone25,65,171,9,915
01:15:20,275.65472,,,4,drone25,61,171,9,920
01:15:25,275.65494,,,3,drone25,58,171,9,925
01:15:30,275.6546,,,4,drone25,54,171,9,930
01:15:35,275.646,,,3,drone25,50,171,9,935
01:15:40,275.6318,,,3,drone25,46,171,9,940
01:15:45,275.61615,,,4,drone25,43,171,9,945
01:15:50,275.61218,,,3,drone25,40,171,9,950
01:15:55,275.6305,,,4,drone25,39,171,9,955
01:16:00,275.6705,,,3,drone25,41,170,8,960
01:16:05,275.71347,,,3,drone25,43,168,7,965
01:16:10,275.74866,,,4,drone25,46,167,6,970
01:16:15,275.75467,,,3,drone25,49,165,6,975
01:16:20,275.7401,,,3,drone25,52,163,5,980
01:16:25,275.7164,,,4,drone25,55,161,4,985
01:16:30,275.70087,,,3,drone25,56,160,4,990
01:16:35,275.70187,,,4,drone25,57,160,4,995
01:16:40,275.71307,,,3,drone25,57,160,4,1000
01:16:45,275.7223,,,4,drone25,57,160,4,1005
01:16:50,275.71564,,,3,drone25,57,160,4,1010
01:16:55,275.6851,,,4,drone25,57,160,4,1015
01:17:00,275.65,,,3,drone25,57,160,4,1020
01:17:05,275.63992,,,3,drone25,57,160,4,1025
01:17:10,275.65134,,,4,drone25,57,160,4,1030
01:17:15,275.668,,,4,drone25,57,160,4,1035
01:17:20,275.67416,,,3,drone25,57,160,4,1040
01:17:25,275.67316,,,4,drone25,57,160,4,1045
01:17:30,275.6694,,,4,drone25,57,160,4,1050
01:17:35,275.66678,,,3,drone25,57,160,4,1055
01:17:40,275.66708,,,4,drone25,57,160,4,1060
01:17:45,275.6702,,,3,drone25,57,160,4,1065
01:17:50,275.6748,,,4,drone25,57,160,4,1070
01:17:55,275.6798,,,4,drone25,57,160,4,1075
01:18:00,275.68347,,,4,drone25,57,160,4,1080
01:18:05,275.6856,,,4,drone25,57,160,4,1085
01:18:10,275.6867,,,5,drone25,57,160,4,1090
01:18:15,275.68802,,,4,drone25,57,160,4,1095
01:18:20,275.69064,,,3,drone25,57,160,4,1100
01:18:25,275.69534,,,4,drone25,57,160,4,1105
01:18:30,275.70047,,,3,drone25,57,160,4,1110
01:18:35,275.70352,,,3,drone25,57,160,4,1115
01:18:40,275.70544,,,4,drone25,57,160,4,1120
01:18:45,275.7067,,,3,drone25,57,160,4,1125
01:18:50,275.70786,,,3,drone25,57,160,4,1130
01:18:55,275.7094,,,4,drone25,57,160,4,1135
01:19:00,275.711,,,3,drone25,57,160,4,1140
01:19:05,275.71225,,,3,drone25,57,160,4,1145
01:19:10,275.71353,,,4,drone25,57,160,4,1150
01:19:15,275.71466,,,3,drone25,57,160,4,1155
01:19:20,275.71542,,,3,drone25,57,160,4,1160
01:19:25,275.71597,,,3,drone25,57,160,4,1165
01:19:30,275.7164,,,4,drone25,57,160,4,1170
01:19:35,275.71674,,,4,drone25,56,160,4,1175
01:19:40,275.71707,,,4,drone25,56,160,5,1180
01:19:45,275.7174,,,4,drone25,56,160,5,1185
01:19:50,275.7177,,,4,drone25,56,160,5,1190
01:19:55,275.71817,,,3,drone25,56,160,5,1195
01:20:00,275.71985,,,4,drone25,56,160,5,1200
01:20:05,275.72443,,,3,drone25,56,160,5,1205
01:20:10,275.7338,,,4,drone25,56,160,5,1210
01:20:15,275.74808,,,3,drone25,56,160,5,1215
01:20:20,275.76398,,,3,drone25,56,160,5,1220
01:20:25,275.78104,,,3,drone25,56,160,5,1225
01:20:30,275.79993,,,4,drone25,56,160,5,1230
01:20:35,275.816,,,3,drone25,56,160,5,1235
01:20:40,275.82645,,,3,drone25,56,160,5,1240
01:20:45,275.83362,,,3,drone25,56,160,5,1245
01:20:50,275.83804,,,3,drone25,56,160,5,1250
01:20:55,275.84024,,,3,drone25,56,160,5,1255
01:21:00,275.84055,,,3,drone25,56,160,5,1260
01:21:05,275.83936,,,3,drone25,56,160,5,1265
01:21:10,275.83563,,,4,drone25,56,160,5,1270
01:21:15,275.8311,,,3,drone25,56,160,5,1275
01:21:20,275.82962,,,3,drone25,56,160,5,1280
01:21:25,275.83328,,,3,drone25,56,160,5,1285
01:21:30,275.84378,,,3,drone25,56,160,5,1290
01:21:35,275.86124,,,3,drone25,56,160,5,1295
01:21:40,275.88333,,,3,drone25,56,160,5,1300
01:21:45,275.90482,,,3,drone25,56,160,5,1305
01:21:50,275.919,,,3,drone25,56,160,5,1310
01:21:55,275.9191,,,4,drone25,56,160,5,1315
01:22:00,275.90247,,,3,drone25,56,160,5,1320
01:22:05,275.8786,,,3,drone25,56,160,5,1325
01:22:10,275.85184,,,3,drone25,56,160,5,1330
01:22:15,275.82623,,,3,drone25,56,160,5,1335
01:22:20,275.80466,,,3,drone25,56,160,5,1340
01:22:25,275.7855,,,4,drone25,56,160,5,1345
01:22:30,275.7734,,,3,drone25,56,160,5,1350
01:22:35,275.7695,,,3,drone25,56,160,5,1355
01:22:40,275.7706,,,3,drone25,56,160,5,1360
01:22:45,275.77643,,,4,drone25,56,160,5,1365
01:22:50,275.7849,,,3,drone25,56,160,5,1370
01:22:55,275.79337,,,3,drone25,56,160,6,1375
01:23:00,275.80325,,,4,drone25,56,160,7,1380
01:23:05,275.8115,,,3,drone25,57,160,8,1385
01:23:10,275.81625,,,3,drone25,57,160,8,1390
01:23:15,275.81894,,,3,drone25,57,160,9,1395
01:23:20,275.81995,,,4,drone25,57,160,9,1400
01:23:25,275.81973,,,3,drone25,57,160,9,1405
01:23:30,275.81918,,,3,drone25,57,160,9,1410
01:23:35,275.81894,,,3,drone25,57,160,9,1415
01:23:40,275.81952,,,4,drone25,57,160,9,1420
01:23:45,275.82123,,,3,drone25,57,160,9,1425
01:23:50,275.8237,,,3,drone25,57,160,9,1430
01:23:55,275.8278,,,4,drone25,57,160,9,1435
01:24:00,275.83337,,,3,drone25,57,160,9,1440
01:24:05,275.83987,,,3,drone25,57,160,9,1445
01:24:10,275.84927,,,4,drone25,57,160,9,1450
01:24:15,275.86005,,,3,drone25,57,160,9,1455
01:24:20,275.87122,,,3,drone25,57,160,9,1460
01:24:25,275.89075,,,4,drone25,57,160,9,1465
01:24:30,275.91916,,,3,drone25,57,160,9,1470
01:24:35,275.95163,,,4,drone25,57,160,9,1475
01:24:40,275.9751,,,3,drone25,57,160,9,1480
01:24:45,275.97882,,,3,drone25,57,160,9,1485
01:24:50,275.96298,,,4,drone25,57,160,9,1490
01:24:55,275.93375,,,3,drone25,57,160,9,1495
01:25:00,275.8993,,,4,drone25,57,160,9,1500
